CustomerID,Company_Size,Monthly_Spend,Support_Tickets_Last_Month,Days_Since_Last_Login,Feature_Usage_Score,Churn_Risk
CUST-1000,Startup,368,2,4,76,0
CUST-1001,Enterprise,375,0,13,66,1
CUST-1002,Mid-Market,466,2,14,63,0
CUST-1003,Mid-Market,555,0,2,40,0
CUST-1004,Startup,637,2,23,48,0
CUST-1005,Startup,379,1,23,84,0
CUST-1006,Startup,723,3,4,58,0
CUST-1007,Enterprise,459,2,5,67,0
CUST-1008,Mid-Market,496,5,41,57,1
CUST-1009,Mid-Market,387,3,26,36,0
CUST-1010,Startup,136,1,17,78,0
CUST-1011,Enterprise,632,1,1,70,0
CUST-1012,Enterprise,610,3,8,106,0
CUST-1013,Startup,457,0,12,39,0
CUST-1014,Startup,510,0,3,76,1
CUST-1015,Startup,577,1,8,33,0
CUST-1016,Startup,265,1,13,63,0
CUST-1017,Mid-Market,420,2,5,79,0
CUST-1018,Startup,619,4,22,18,1
CUST-1019,Startup,311,2,27,55,1
CUST-1020,Mid-Market,544,6,5,48,1
CUST-1021,Startup,296,1,27,45,1
CUST-1022,Startup,569,2,1,67,0
CUST-1023,Startup,494,1,27,82,0
CUST-1024,Startup,257,3,2,57,0
CUST-1025,Mid-Market,674,3,1,64,0
CUST-1026,Startup,389,2,15,62,0
CUST-1027,Mid-Market,378,4,9,60,0
CUST-1028,Mid-Market,530,2,35,38,1
CUST-1029,Startup,672,3,6,82,0
CUST-1030,Mid-Market,347,2,5,65,0
CUST-1031,Startup,509,2,10,67,0
CUST-1032,Startup,564,1,9,43,0
CUST-1033,Enterprise,603,3,6,50,0
CUST-1034,Enterprise,526,3,17,56,0
CUST-1035,Enterprise,444,2,21,29,0
CUST-1036,Startup,375,0,28,26,0
CUST-1037,Startup,512,1,54,47,1
CUST-1038,Mid-Market,339,1,4,70,0
CUST-1039,Startup,61,5,18,46,1
CUST-1040,Startup,565,1,7,39,0
CUST-1041,Startup,635,3,16,43,0
CUST-1042,Startup,145,2,9,50,0
CUST-1043,Enterprise,348,3,76,52,1
CUST-1044,Startup,592,4,19,103,1
CUST-1045,Mid-Market,808,3,45,81,1
CUST-1046,Startup,503,3,27,80,0
CUST-1047,Mid-Market,390,2,34,83,1
CUST-1048,Mid-Market,472,3,25,40,0
CUST-1049,Startup,706,2,9,35,0
CUST-1050,Enterprise,403,2,4,37,0
CUST-1051,Mid-Market,380,5,6,86,0
CUST-1052,Enterprise,427,4,0,49,0
CUST-1053,Enterprise,357,1,11,34,0
CUST-1054,Mid-Market,518,2,10,51,0
CUST-1055,Enterprise,743,3,11,55,0
CUST-1056,Startup,548,2,54,65,1
CUST-1057,Startup,462,2,36,65,1
CUST-1058,Startup,456,0,2,43,0
CUST-1059,Startup,265,3,6,73,1
CUST-1060,Startup,632,2,8,47,0
CUST-1061,Startup,488,3,6,56,0
CUST-1062,Enterprise,472,2,24,73,0
CUST-1063,Startup,978,3,11,47,0
CUST-1064,Startup,544,2,12,48,0
CUST-1065,Mid-Market,387,2,28,71,0
CUST-1066,Startup,436,2,24,42,0
CUST-1067,Enterprise,672,3,2,52,0
CUST-1068,Startup,516,2,18,71,0
CUST-1069,Enterprise,284,1,8,101,0
CUST-1070,Mid-Market,637,1,5,72,0
CUST-1071,Startup,399,3,0,69,0
CUST-1072,Startup,780,0,10,70,0
CUST-1073,Enterprise,662,0,6,38,0
CUST-1074,Mid-Market,432,3,4,62,0
CUST-1075,Mid-Market,692,2,17,59,0
CUST-1076,Mid-Market,510,2,22,66,0
CUST-1077,Startup,627,0,4,62,0
CUST-1078,Startup,572,2,0,67,0
CUST-1079,Startup,373,1,28,53,0
CUST-1080,Enterprise,403,2,0,61,0
CUST-1081,Mid-Market,654,3,41,35,1
CUST-1082,Startup,449,1,14,53,0
CUST-1083,Startup,439,5,5,87,0
CUST-1084,Startup,356,1,4,66,0
CUST-1085,Startup,563,2,0,59,0
CUST-1086,Mid-Market,809,2,4,97,0
CUST-1087,Mid-Market,339,1,2,32,0
CUST-1088,Enterprise,503,3,14,37,0
CUST-1089,Startup,711,1,2,94,0
CUST-1090,Startup,488,1,11,60,0
CUST-1091,Mid-Market,567,1,13,55,1
CUST-1092,Mid-Market,340,1,5,36,0
CUST-1093,Mid-Market,564,4,0,68,0
CUST-1094,Mid-Market,471,0,0,70,0
CUST-1095,Startup,647,1,0,38,0
CUST-1096,Mid-Market,678,1,20,57,1
CUST-1097,Startup,888,1,5,53,0
CUST-1098,Startup,586,1,23,65,1
CUST-1099,Startup,548,1,8,37,1
CUST-1100,Startup,529,0,9,85,0
CUST-1101,Mid-Market,447,3,10,78,0
CUST-1102,Startup,550,0,18,52,0
CUST-1103,Mid-Market,455,3,4,55,0
CUST-1104,Enterprise,525,1,1,57,0
CUST-1105,Startup,697,6,12,44,1
CUST-1106,Startup,349,1,5,51,0
CUST-1107,Mid-Market,670,2,8,54,0
CUST-1108,Startup,697,1,15,92,0
CUST-1109,Startup,482,1,10,78,0
CUST-1110,Startup,181,4,14,78,0
CUST-1111,Startup,408,1,11,67,0
CUST-1112,Enterprise,694,2,20,37,0
CUST-1113,Enterprise,496,3,18,59,0
CUST-1114,Mid-Market,350,0,11,79,1
CUST-1115,Enterprise,424,1,17,34,0
CUST-1116,Enterprise,626,1,31,72,1
CUST-1117,Startup,582,1,8,106,0
CUST-1118,Enterprise,464,3,7,81,0
CUST-1119,Mid-Market,444,1,21,88,0
CUST-1120,Enterprise,441,2,13,64,0
CUST-1121,Enterprise,361,3,1,79,0
CUST-1122,Startup,742,1,33,45,1
CUST-1123,Startup,451,2,0,75,0
CUST-1124,Startup,682,3,20,73,0
CUST-1125,Startup,728,1,21,65,0
CUST-1126,Enterprise,649,2,45,86,0
CUST-1127,Enterprise,435,3,0,49,0
CUST-1128,Startup,560,2,13,56,0
CUST-1129,Mid-Market,496,0,8,61,0
CUST-1130,Startup,364,3,6,39,0
CUST-1131,Startup,548,2,1,64,0
CUST-1132,Startup,323,2,12,25,0
CUST-1133,Startup,678,0,9,80,0
CUST-1134,Enterprise,430,1,1,60,1
CUST-1135,Startup,530,0,14,49,0
CUST-1136,Mid-Market,542,1,20,43,0
CUST-1137,Mid-Market,461,1,21,55,0
CUST-1138,Startup,588,2,35,73,1
CUST-1139,Enterprise,428,3,7,70,0
CUST-1140,Enterprise,630,3,45,45,1
CUST-1141,Startup,298,2,30,43,0
CUST-1142,Startup,518,2,5,73,0
CUST-1143,Startup,790,4,2,45,0
CUST-1144,Startup,349,1,8,61,0
CUST-1145,Startup,398,3,7,62,0
CUST-1146,Mid-Market,577,3,12,66,0
CUST-1147,Mid-Market,526,4,13,77,0
CUST-1148,Startup,552,2,20,34,0
CUST-1149,Startup,573,4,10,21,0
CUST-1150,Enterprise,595,3,1,48,0
CUST-1151,Startup,666,2,29,96,0
CUST-1152,Startup,561,3,5,100,0
CUST-1153,Startup,463,2,53,96,1
CUST-1154,Enterprise,600,2,1,56,0
CUST-1155,Startup,784,4,47,24,1
CUST-1156,Mid-Market,480,4,1,13,0
CUST-1157,Mid-Market,353,1,3,47,0
CUST-1158,Startup,666,1,0,56,0
CUST-1159,Mid-Market,481,0,18,86,0
CUST-1160,Startup,174,3,28,77,0
CUST-1161,Mid-Market,627,1,8,64,0
CUST-1162,Mid-Market,419,6,39,42,0
CUST-1163,Mid-Market,486,1,13,40,0
CUST-1164,Startup,549,1,14,65,0
CUST-1165,Enterprise,528,3,28,73,0
CUST-1166,Startup,606,3,5,67,0
CUST-1167,Startup,434,0,6,39,0
CUST-1168,Startup,576,2,35,73,1
CUST-1169,Mid-Market,461,1,34,68,1
CUST-1170,Mid-Market,610,3,56,38,0
CUST-1171,Startup,592,1,34,44,1
CUST-1172,Mid-Market,359,3,2,73,0
CUST-1173,Startup,662,5,26,55,0
CUST-1174,Mid-Market,419,0,7,91,1
CUST-1175,Startup,621,1,70,70,1
CUST-1176,Mid-Market,555,2,9,50,0
CUST-1177,Startup,775,1,12,59,0
CUST-1178,Enterprise,466,5,11,61,0
CUST-1179,Startup,447,1,5,45,0
CUST-1180,Startup,497,3,1,41,0
CUST-1181,Startup,454,2,33,74,1
CUST-1182,Enterprise,619,2,24,76,0
CUST-1183,Enterprise,257,0,2,72,0
CUST-1184,Startup,341,2,22,90,0
CUST-1185,Mid-Market,339,2,14,49,0
CUST-1186,Enterprise,642,4,7,93,0
CUST-1187,Mid-Market,756,0,4,41,0
CUST-1188,Mid-Market,484,3,29,39,0
CUST-1189,Startup,474,3,18,24,1
CUST-1190,Startup,510,3,11,51,0
CUST-1191,Enterprise,674,2,14,49,1
CUST-1192,Enterprise,360,0,1,70,0
CUST-1193,Mid-Market,535,2,9,64,0
CUST-1194,Startup,646,2,3,36,0
CUST-1195,Startup,575,1,3,52,0
CUST-1196,Mid-Market,528,0,16,52,0
CUST-1197,Enterprise,650,0,36,24,1
CUST-1198,Enterprise,94,1,7,40,0
CUST-1199,Mid-Market,601,0,3,44,0
CUST-1200,Mid-Market,401,2,15,88,0
CUST-1201,Startup,225,1,30,63,0
CUST-1202,Startup,576,3,20,73,0
CUST-1203,Enterprise,706,1,30,30,0
CUST-1204,Mid-Market,479,1,11,83,0
CUST-1205,Startup,642,6,20,86,0
CUST-1206,Startup,741,3,2,20,0
CUST-1207,Mid-Market,697,1,6,45,0
CUST-1208,Startup,745,1,7,69,0
CUST-1209,Startup,611,4,10,72,0
CUST-1210,Mid-Market,511,3,39,46,1
CUST-1211,Mid-Market,259,0,31,53,1
CUST-1212,Mid-Market,463,0,2,48,1
CUST-1213,Startup,373,3,2,62,0
CUST-1214,Mid-Market,825,3,6,83,0
CUST-1215,Startup,473,4,5,44,0
CUST-1216,Startup,518,2,14,80,0
CUST-1217,Mid-Market,582,1,34,44,1
CUST-1218,Mid-Market,506,4,49,43,1
CUST-1219,Enterprise,754,2,15,76,0
CUST-1220,Mid-Market,406,1,27,78,0
CUST-1221,Mid-Market,529,2,11,77,1
CUST-1222,Startup,388,2,3,33,0
CUST-1223,Startup,301,2,11,50,0
CUST-1224,Startup,408,1,12,76,0
CUST-1225,Startup,494,0,20,60,0
CUST-1226,Enterprise,435,3,3,38,0
CUST-1227,Startup,396,4,6,69,0
CUST-1228,Enterprise,289,6,6,45,1
CUST-1229,Mid-Market,487,4,48,95,1
CUST-1230,Mid-Market,274,2,8,90,0
CUST-1231,Mid-Market,614,1,21,72,0
CUST-1232,Mid-Market,512,4,20,87,0
CUST-1233,Startup,281,2,4,61,0
CUST-1234,Startup,453,3,12,75,0
CUST-1235,Mid-Market,387,2,33,89,0
CUST-1236,Startup,547,3,9,64,0
CUST-1237,Startup,701,0,43,54,1
CUST-1238,Mid-Market,218,2,3,25,0
CUST-1239,Startup,517,2,1,58,0
CUST-1240,Enterprise,475,2,33,76,1
CUST-1241,Enterprise,600,3,28,78,1
CUST-1242,Enterprise,531,2,73,70,1
CUST-1243,Startup,387,2,17,49,0
CUST-1244,Startup,452,3,41,20,1
CUST-1245,Enterprise,380,5,26,50,0
CUST-1246,Startup,661,3,27,53,0
CUST-1247,Enterprise,503,0,12,53,0
CUST-1248,Enterprise,785,2,7,72,0
CUST-1249,Enterprise,490,3,40,99,1
CUST-1250,Startup,393,2,8,62,0
CUST-1251,Startup,272,3,11,55,0
CUST-1252,Enterprise,229,2,8,54,0
CUST-1253,Startup,262,0,12,62,1
CUST-1254,Startup,540,2,9,43,0
CUST-1255,Mid-Market,576,1,0,62,0
CUST-1256,Enterprise,262,2,32,69,1
CUST-1257,Mid-Market,634,2,8,64,0
CUST-1258,Mid-Market,427,4,13,69,0
CUST-1259,Startup,522,0,2,68,1
CUST-1260,Mid-Market,741,2,0,24,0
CUST-1261,Enterprise,634,0,4,72,0
CUST-1262,Startup,459,0,18,46,1
CUST-1263,Mid-Market,366,1,1,38,0
CUST-1264,Enterprise,177,2,35,37,1
CUST-1265,Mid-Market,392,0,3,68,0
CUST-1266,Mid-Market,468,1,3,55,1
CUST-1267,Mid-Market,351,4,3,26,0
CUST-1268,Startup,480,3,0,69,0
CUST-1269,Startup,511,4,22,31,0
CUST-1270,Enterprise,466,2,31,62,0
CUST-1271,Enterprise,402,2,14,64,1
CUST-1272,Enterprise,525,2,3,77,0
CUST-1273,Enterprise,566,1,5,95,0
CUST-1274,Mid-Market,336,1,9,32,0
CUST-1275,Mid-Market,711,1,46,58,1
CUST-1276,Mid-Market,485,1,4,54,0
CUST-1277,Mid-Market,502,3,19,68,0
CUST-1278,Mid-Market,606,2,8,64,0
CUST-1279,Mid-Market,534,2,5,52,0
CUST-1280,Enterprise,642,2,9,51,0
CUST-1281,Startup,543,0,1,37,0
CUST-1282,Startup,408,1,24,79,0
CUST-1283,Startup,554,4,4,69,0
CUST-1284,Mid-Market,328,2,19,78,0
CUST-1285,Startup,516,4,1,53,0
CUST-1286,Startup,495,4,46,46,1
CUST-1287,Mid-Market,468,2,3,38,0
CUST-1288,Startup,480,1,32,67,1
CUST-1289,Mid-Market,217,3,24,39,0
CUST-1290,Startup,417,3,51,96,1
CUST-1291,Startup,513,1,9,33,0
CUST-1292,Enterprise,523,1,19,65,0
CUST-1293,Startup,345,4,6,91,0
CUST-1294,Startup,689,1,3,71,0
CUST-1295,Mid-Market,370,4,8,63,1
CUST-1296,Mid-Market,645,0,2,40,1
CUST-1297,Startup,564,3,60,32,1
CUST-1298,Mid-Market,403,3,1,75,0
CUST-1299,Startup,766,3,13,90,0
CUST-1300,Startup,320,2,14,51,0
CUST-1301,Mid-Market,637,1,11,37,0
CUST-1302,Mid-Market,650,0,16,10,0
CUST-1303,Mid-Market,399,2,1,40,0
CUST-1304,Mid-Market,708,2,12,57,0
CUST-1305,Enterprise,462,2,5,91,0
CUST-1306,Mid-Market,543,3,42,73,1
CUST-1307,Startup,539,3,21,66,0
CUST-1308,Mid-Market,479,1,53,51,1
CUST-1309,Startup,621,2,0,48,0
CUST-1310,Startup,619,1,5,88,0
CUST-1311,Startup,237,2,3,64,0
CUST-1312,Startup,695,0,0,17,1
CUST-1313,Enterprise,250,1,4,46,1
CUST-1314,Enterprise,654,1,17,42,0
CUST-1315,Mid-Market,669,2,3,49,0
CUST-1316,Startup,336,1,10,71,0
CUST-1317,Startup,438,1,32,57,0
CUST-1318,Startup,334,2,17,58,0
CUST-1319,Startup,467,4,7,86,0
CUST-1320,Mid-Market,453,0,6,46,0
CUST-1321,Mid-Market,616,1,9,97,0
CUST-1322,Mid-Market,696,4,2,46,0
CUST-1323,Startup,709,2,15,61,0
CUST-1324,Enterprise,415,1,6,54,0
CUST-1325,Mid-Market,468,1,28,62,0
CUST-1326,Mid-Market,247,3,21,68,0
CUST-1327,Mid-Market,379,1,14,68,0
CUST-1328,Startup,644,3,6,44,0
CUST-1329,Startup,742,3,3,37,0
CUST-1330,Startup,314,2,22,110,1
CUST-1331,Mid-Market,411,2,9,50,0
CUST-1332,Startup,496,4,3,73,0
CUST-1333,Startup,542,1,3,27,0
CUST-1334,Startup,378,1,2,54,0
CUST-1335,Startup,563,2,22,57,0
CUST-1336,Enterprise,428,1,3,69,0
CUST-1337,Mid-Market,497,3,11,5,0
CUST-1338,Startup,581,3,9,63,0
CUST-1339,Startup,500,4,12,37,0
CUST-1340,Startup,434,1,31,66,1
CUST-1341,Startup,483,1,30,39,0
CUST-1342,Startup,486,1,8,42,0
CUST-1343,Startup,444,1,0,54,0
CUST-1344,Startup,461,2,8,38,0
CUST-1345,Mid-Market,739,0,13,50,0
CUST-1346,Mid-Market,584,1,12,36,0
CUST-1347,Startup,455,2,15,23,0
CUST-1348,Startup,604,4,2,80,0
CUST-1349,Mid-Market,449,0,15,34,0
CUST-1350,Mid-Market,675,0,3,56,0
CUST-1351,Enterprise,555,1,20,75,0
CUST-1352,Mid-Market,483,1,6,47,1
CUST-1353,Startup,567,4,18,43,0
CUST-1354,Startup,264,2,0,64,0
CUST-1355,Mid-Market,330,2,7,82,0
CUST-1356,Startup,320,2,18,36,0
CUST-1357,Mid-Market,521,5,3,56,0
CUST-1358,Enterprise,759,3,23,25,0
CUST-1359,Mid-Market,834,4,14,52,0
CUST-1360,Startup,595,3,13,60,0
CUST-1361,Mid-Market,575,0,6,42,0
CUST-1362,Startup,229,3,9,50,1
CUST-1363,Mid-Market,418,2,13,31,0
CUST-1364,Enterprise,381,3,9,61,0
CUST-1365,Startup,406,3,17,81,1
CUST-1366,Enterprise,474,1,8,38,0
CUST-1367,Enterprise,429,1,3,47,0
CUST-1368,Startup,203,4,3,70,0
CUST-1369,Startup,612,0,0,84,0
CUST-1370,Startup,339,2,5,30,0
CUST-1371,Startup,535,3,20,56,0
CUST-1372,Startup,811,1,23,65,0
CUST-1373,Mid-Market,362,0,3,57,0
CUST-1374,Startup,120,3,47,10,1
CUST-1375,Startup,457,2,10,70,0
CUST-1376,Enterprise,665,1,37,90,0
CUST-1377,Startup,793,2,18,62,1
CUST-1378,Enterprise,315,1,19,39,0
CUST-1379,Startup,574,0,1,49,0
CUST-1380,Startup,430,2,3,95,0
CUST-1381,Mid-Market,484,0,0,78,0
CUST-1382,Mid-Market,896,3,18,72,0
CUST-1383,Enterprise,274,2,6,67,0
CUST-1384,Mid-Market,538,4,23,46,0
CUST-1385,Enterprise,570,1,6,55,0
CUST-1386,Startup,662,0,25,58,0
CUST-1387,Startup,514,0,2,70,0
CUST-1388,Mid-Market,546,4,2,90,0
CUST-1389,Enterprise,441,0,6,82,1
CUST-1390,Enterprise,540,5,7,31,1
CUST-1391,Startup,448,0,6,64,0
CUST-1392,Startup,593,3,21,74,0
CUST-1393,Mid-Market,444,2,1,72,0
CUST-1394,Startup,556,1,6,47,0
CUST-1395,Enterprise,495,1,27,118,0
CUST-1396,Enterprise,668,1,1,34,0
CUST-1397,Startup,492,2,42,38,1
CUST-1398,Mid-Market,234,3,64,64,1
CUST-1399,Mid-Market,689,2,1,102,0
CUST-1400,Startup,364,3,5,43,0
CUST-1401,Enterprise,401,3,6,54,1
CUST-1402,Mid-Market,410,1,22,81,0
CUST-1403,Enterprise,706,2,13,59,0
CUST-1404,Startup,179,2,15,53,0
CUST-1405,Enterprise,970,2,21,71,0
CUST-1406,Startup,658,4,1,65,0
CUST-1407,Startup,533,1,26,80,0
CUST-1408,Enterprise,491,0,18,85,0
CUST-1409,Startup,542,1,12,66,0
CUST-1410,Startup,578,2,33,65,1
CUST-1411,Enterprise,596,0,18,64,0
CUST-1412,Enterprise,583,1,3,69,0
CUST-1413,Mid-Market,513,0,8,61,0
CUST-1414,Mid-Market,470,2,10,59,0
CUST-1415,Startup,477,2,0,83,0
CUST-1416,Startup,470,3,46,90,1
CUST-1417,Startup,670,0,2,29,0
CUST-1418,Mid-Market,589,5,17,60,0
CUST-1419,Mid-Market,58,5,10,46,1
CUST-1420,Mid-Market,598,1,0,53,0
CUST-1421,Mid-Market,529,4,38,68,1
CUST-1422,Startup,497,2,28,73,0
CUST-1423,Startup,441,3,11,57,0
CUST-1424,Startup,668,2,3,21,0
CUST-1425,Mid-Market,642,3,1,40,0
CUST-1426,Startup,384,2,6,77,0
CUST-1427,Enterprise,561,2,4,5,0
CUST-1428,Startup,354,2,10,83,1
CUST-1429,Startup,293,2,50,70,1
CUST-1430,Startup,405,0,12,86,0
CUST-1431,Mid-Market,629,4,33,56,0
CUST-1432,Mid-Market,642,4,15,18,0
CUST-1433,Startup,576,1,9,68,0
CUST-1434,Startup,608,3,28,85,0
CUST-1435,Mid-Market,577,0,9,78,0
CUST-1436,Startup,403,2,30,46,0
CUST-1437,Enterprise,564,0,5,61,0
CUST-1438,Mid-Market,620,3,2,49,0
CUST-1439,Startup,613,2,28,43,1
CUST-1440,Startup,678,1,13,79,0
CUST-1441,Enterprise,606,0,32,36,1
CUST-1442,Startup,552,0,41,42,1
CUST-1443,Startup,660,4,0,37,0
CUST-1444,Enterprise,496,2,10,30,0
CUST-1445,Enterprise,367,2,7,62,0
CUST-1446,Enterprise,475,3,14,83,0
CUST-1447,Mid-Market,388,5,23,56,1
CUST-1448,Startup,398,3,4,29,0
CUST-1449,Startup,478,0,12,76,0
CUST-1450,Mid-Market,381,0,18,93,0
CUST-1451,Mid-Market,453,2,2,47,0
CUST-1452,Startup,215,2,25,50,0
CUST-1453,Enterprise,531,2,13,70,0
CUST-1454,Startup,500,3,44,92,1
CUST-1455,Startup,377,0,6,49,0
CUST-1456,Startup,598,0,1,33,0
CUST-1457,Startup,640,3,10,72,0
CUST-1458,Startup,258,2,1,75,1
CUST-1459,Startup,385,3,52,60,1
CUST-1460,Startup,384,1,0,48,0
CUST-1461,Mid-Market,359,3,21,79,0
CUST-1462,Mid-Market,624,3,11,70,0
CUST-1463,Mid-Market,470,1,6,44,0
CUST-1464,Enterprise,460,3,1,60,0
CUST-1465,Startup,199,4,14,32,0
CUST-1466,Startup,595,2,13,73,0
CUST-1467,Enterprise,314,1,4,54,0
CUST-1468,Startup,508,4,36,51,1
CUST-1469,Enterprise,541,1,5,59,1
CUST-1470,Startup,704,1,8,60,0
CUST-1471,Enterprise,303,3,11,77,0
CUST-1472,Startup,47,1,1,71,0
CUST-1473,Enterprise,527,4,40,56,1
CUST-1474,Mid-Market,770,3,7,75,1
CUST-1475,Enterprise,685,0,1,68,0
CUST-1476,Startup,531,2,7,51,0
CUST-1477,Mid-Market,426,3,13,57,0
CUST-1478,Enterprise,621,2,10,57,0
CUST-1479,Mid-Market,353,1,17,70,0
CUST-1480,Mid-Market,571,4,0,52,0
CUST-1481,Mid-Market,575,1,5,52,0
CUST-1482,Startup,659,1,25,99,0
CUST-1483,Mid-Market,913,0,1,78,0
CUST-1484,Mid-Market,558,3,29,44,0
CUST-1485,Enterprise,423,0,1,71,0
CUST-1486,Startup,496,2,26,62,0
CUST-1487,Startup,234,1,6,67,0
CUST-1488,Enterprise,395,1,14,62,0
CUST-1489,Enterprise,438,2,2,83,0
CUST-1490,Startup,421,4,1,66,0
CUST-1491,Mid-Market,522,4,3,58,0
CUST-1492,Startup,376,3,2,80,1
CUST-1493,Startup,668,4,5,64,0
CUST-1494,Startup,500,1,10,62,0
CUST-1495,Startup,498,2,13,66,0
CUST-1496,Mid-Market,450,1,23,58,0
CUST-1497,Startup,523,1,16,60,0
CUST-1498,Enterprise,623,4,14,48,0
CUST-1499,Enterprise,369,2,7,44,0
CUST-1500,Mid-Market,401,0,9,40,0
CUST-1501,Mid-Market,454,3,8,32,0
CUST-1502,Startup,298,1,27,42,0
CUST-1503,Enterprise,377,2,3,56,1
CUST-1504,Mid-Market,428,2,0,62,0
CUST-1505,Startup,631,0,15,54,0
CUST-1506,Enterprise,539,2,3,12,0
CUST-1507,Enterprise,529,5,33,91,0
CUST-1508,Enterprise,627,2,29,81,1
CUST-1509,Mid-Market,479,3,1,68,0
CUST-1510,Mid-Market,558,0,1,98,0
CUST-1511,Startup,484,2,10,40,0
CUST-1512,Enterprise,539,1,14,97,0
CUST-1513,Enterprise,412,3,4,40,0
CUST-1514,Startup,134,2,18,64,0
CUST-1515,Startup,479,1,13,34,0
CUST-1516,Startup,713,2,5,60,0
CUST-1517,Enterprise,638,1,0,67,0
CUST-1518,Enterprise,644,2,20,56,0
CUST-1519,Startup,685,5,3,74,0
CUST-1520,Mid-Market,513,3,26,61,0
CUST-1521,Startup,529,4,8,49,0
CUST-1522,Enterprise,407,2,12,48,0
CUST-1523,Enterprise,452,2,30,76,0
CUST-1524,Enterprise,592,0,29,46,0
CUST-1525,Startup,680,2,6,78,0
CUST-1526,Startup,479,1,3,84,0
CUST-1527,Startup,432,1,22,26,0
CUST-1528,Startup,500,2,8,82,0
CUST-1529,Enterprise,590,3,3,101,0
CUST-1530,Enterprise,283,1,35,65,1
CUST-1531,Enterprise,155,2,3,71,0
CUST-1532,Enterprise,417,1,0,80,0
CUST-1533,Mid-Market,316,2,0,54,0
CUST-1534,Mid-Market,423,1,14,63,0
CUST-1535,Enterprise,477,1,16,33,0
CUST-1536,Enterprise,432,3,5,62,0
CUST-1537,Startup,717,3,5,69,1
CUST-1538,Startup,549,1,6,70,0
CUST-1539,Startup,545,0,17,81,0
CUST-1540,Enterprise,593,3,0,44,0
CUST-1541,Mid-Market,329,3,39,49,1
CUST-1542,Startup,655,3,3,97,0
CUST-1543,Mid-Market,488,0,120,56,0
CUST-1544,Mid-Market,600,0,2,64,0
CUST-1545,Startup,339,0,22,58,0
CUST-1546,Startup,266,4,3,43,0
CUST-1547,Mid-Market,622,1,1,92,1
CUST-1548,Mid-Market,556,3,31,49,1
CUST-1549,Mid-Market,364,0,29,37,0
CUST-1550,Mid-Market,369,0,7,50,0
CUST-1551,Enterprise,668,4,18,19,1
CUST-1552,Mid-Market,321,1,12,46,0
CUST-1553,Mid-Market,746,2,28,40,0
CUST-1554,Enterprise,364,4,5,72,0
CUST-1555,Startup,595,1,11,46,0
CUST-1556,Startup,450,0,9,77,0
CUST-1557,Startup,590,1,6,87,0
CUST-1558,Mid-Market,418,2,33,75,1
CUST-1559,Mid-Market,475,1,2,55,0
CUST-1560,Mid-Market,506,1,2,62,0
CUST-1561,Startup,349,1,12,29,0
CUST-1562,Startup,611,3,16,57,0
CUST-1563,Startup,423,1,3,42,1
CUST-1564,Startup,465,1,7,73,0
CUST-1565,Mid-Market,350,3,43,111,1
CUST-1566,Startup,115,1,4,69,0
CUST-1567,Startup,471,2,16,20,0
CUST-1568,Enterprise,861,0,20,52,0
CUST-1569,Startup,617,1,8,62,0
CUST-1570,Mid-Market,497,3,41,61,1
CUST-1571,Mid-Market,460,1,20,45,0
CUST-1572,Startup,503,4,9,64,0
CUST-1573,Mid-Market,582,2,12,35,0
CUST-1574,Enterprise,322,0,17,41,0
CUST-1575,Enterprise,667,4,13,72,0
CUST-1576,Startup,607,2,31,39,1
CUST-1577,Enterprise,607,1,6,70,0
CUST-1578,Startup,565,1,5,32,0
CUST-1579,Startup,502,2,3,95,0
CUST-1580,Startup,600,1,0,44,1
CUST-1581,Enterprise,588,2,0,55,0
CUST-1582,Startup,446,2,30,66,0
CUST-1583,Startup,413,1,17,48,1
CUST-1584,Mid-Market,515,1,16,62,0
CUST-1585,Startup,732,5,14,71,0
CUST-1586,Startup,314,1,28,79,0
CUST-1587,Startup,279,6,9,75,1
CUST-1588,Startup,524,4,30,56,0
CUST-1589,Startup,507,2,6,57,0
CUST-1590,Startup,526,1,39,106,1
CUST-1591,Mid-Market,536,1,17,78,0
CUST-1592,Startup,466,3,4,41,1
CUST-1593,Startup,723,2,12,61,0
CUST-1594,Enterprise,259,1,11,53,0
CUST-1595,Startup,375,4,2,57,0
CUST-1596,Mid-Market,484,2,13,35,0
CUST-1597,Startup,253,1,5,51,1
CUST-1598,Startup,473,3,0,96,0
CUST-1599,Startup,749,2,44,71,1
CUST-1600,Startup,503,4,15,10,0
CUST-1601,Startup,534,4,31,84,1
CUST-1602,Startup,310,1,16,81,0
CUST-1603,Startup,407,4,6,52,1
CUST-1604,Startup,443,0,10,74,0
CUST-1605,Startup,452,3,16,42,0
CUST-1606,Startup,692,3,48,50,1
CUST-1607,Startup,583,2,4,89,0
CUST-1608,Mid-Market,333,3,31,54,1
CUST-1609,Mid-Market,536,1,38,22,1
CUST-1610,Startup,574,4,16,58,0
CUST-1611,Mid-Market,671,3,40,58,0
CUST-1612,Mid-Market,737,0,7,83,0
CUST-1613,Startup,347,2,45,60,1
CUST-1614,Enterprise,378,1,18,51,0
CUST-1615,Enterprise,311,0,0,80,0
CUST-1616,Startup,464,3,35,62,1
CUST-1617,Startup,569,1,9,44,0
CUST-1618,Enterprise,648,1,9,83,0
CUST-1619,Mid-Market,488,1,12,63,0
CUST-1620,Startup,452,4,2,60,1
CUST-1621,Startup,522,3,9,63,0
CUST-1622,Startup,374,0,26,38,0
CUST-1623,Startup,813,1,0,49,1
CUST-1624,Mid-Market,258,4,4,60,0
CUST-1625,Startup,527,2,0,56,0
CUST-1626,Startup,803,1,8,85,0
CUST-1627,Mid-Market,501,2,19,64,0
CUST-1628,Startup,471,1,24,77,0
CUST-1629,Startup,446,3,43,60,1
CUST-1630,Mid-Market,472,3,14,81,0
CUST-1631,Enterprise,705,6,4,67,0
CUST-1632,Mid-Market,168,1,38,60,1
CUST-1633,Mid-Market,730,3,22,59,0
CUST-1634,Startup,286,1,12,40,0
CUST-1635,Startup,460,4,17,70,1
CUST-1636,Mid-Market,435,2,38,59,1
CUST-1637,Startup,588,3,18,49,0
CUST-1638,Startup,260,1,6,82,0
CUST-1639,Startup,569,2,18,34,0
CUST-1640,Startup,803,2,0,51,0
CUST-1641,Startup,295,2,7,80,0
CUST-1642,Startup,528,1,7,66,1
CUST-1643,Startup,400,4,2,59,0
CUST-1644,Startup,563,1,0,65,1
CUST-1645,Enterprise,502,1,2,63,0
CUST-1646,Mid-Market,403,2,15,29,1
CUST-1647,Mid-Market,573,2,24,53,0
CUST-1648,Mid-Market,770,5,66,92,1
CUST-1649,Startup,471,0,6,46,0
CUST-1650,Startup,607,0,13,53,0
CUST-1651,Mid-Market,306,2,41,49,1
CUST-1652,Mid-Market,356,1,2,58,0
CUST-1653,Mid-Market,570,4,18,48,0
CUST-1654,Startup,722,4,21,69,0
CUST-1655,Startup,553,2,1,63,0
CUST-1656,Startup,453,1,29,75,0
CUST-1657,Startup,499,1,25,38,0
CUST-1658,Mid-Market,312,4,0,53,1
CUST-1659,Mid-Market,590,1,1,55,0
CUST-1660,Startup,632,8,0,69,0
CUST-1661,Enterprise,432,0,6,44,1
CUST-1662,Mid-Market,429,1,10,78,0
CUST-1663,Startup,539,3,11,83,0
CUST-1664,Startup,434,1,4,40,0
CUST-1665,Startup,490,3,36,50,1
CUST-1666,Startup,814,2,6,49,1
CUST-1667,Startup,462,2,0,112,0
CUST-1668,Startup,446,1,5,51,0
CUST-1669,Startup,402,2,11,93,0
CUST-1670,Startup,611,0,7,34,0
CUST-1671,Enterprise,472,1,4,40,0
CUST-1672,Startup,402,0,2,46,0
CUST-1673,Mid-Market,698,5,25,43,1
CUST-1674,Startup,712,4,83,54,1
CUST-1675,Enterprise,409,3,5,45,0
CUST-1676,Startup,220,1,7,43,0
CUST-1677,Startup,651,2,14,83,0
CUST-1678,Enterprise,397,1,19,84,0
CUST-1679,Enterprise,618,4,7,78,0
CUST-1680,Enterprise,204,1,35,70,1
CUST-1681,Startup,633,0,12,61,0
CUST-1682,Startup,318,3,8,50,0
CUST-1683,Mid-Market,609,1,15,40,0
CUST-1684,Enterprise,502,3,45,67,1
CUST-1685,Mid-Market,356,0,23,36,0
CUST-1686,Mid-Market,438,2,0,40,0
CUST-1687,Startup,602,2,6,83,0
CUST-1688,Mid-Market,515,1,9,98,1
CUST-1689,Startup,587,3,5,67,1
CUST-1690,Startup,796,3,18,82,0
CUST-1691,Startup,265,1,26,55,0
CUST-1692,Mid-Market,742,1,19,33,0
CUST-1693,Startup,515,3,68,72,1
CUST-1694,Startup,365,1,4,71,0
CUST-1695,Mid-Market,300,0,31,61,1
CUST-1696,Startup,471,1,21,55,0
CUST-1697,Mid-Market,638,3,6,79,0
CUST-1698,Startup,480,4,19,40,0
CUST-1699,Startup,726,2,1,44,0
CUST-1700,Mid-Market,282,0,23,39,0
CUST-1701,Startup,498,2,11,61,0
CUST-1702,Startup,312,1,5,38,0
CUST-1703,Startup,554,3,15,46,0
CUST-1704,Startup,633,2,15,45,0
CUST-1705,Enterprise,436,2,3,54,0
CUST-1706,Startup,109,2,0,30,0
CUST-1707,Enterprise,529,0,8,61,1
CUST-1708,Startup,565,3,12,84,0
CUST-1709,Mid-Market,560,2,31,62,1
CUST-1710,Mid-Market,685,0,39,90,0
CUST-1711,Mid-Market,339,2,11,86,0
CUST-1712,Startup,602,2,21,75,0
CUST-1713,Startup,678,2,8,61,0
CUST-1714,Startup,233,2,20,60,0
CUST-1715,Enterprise,547,3,3,75,0
CUST-1716,Enterprise,424,1,6,52,0
CUST-1717,Enterprise,487,2,15,22,1
CUST-1718,Startup,552,2,0,69,1
CUST-1719,Mid-Market,426,3,19,37,0
CUST-1720,Enterprise,398,2,27,40,0
CUST-1721,Startup,505,4,7,60,0
CUST-1722,Startup,336,2,8,58,1
CUST-1723,Mid-Market,337,1,28,31,0
CUST-1724,Mid-Market,601,1,22,63,0
CUST-1725,Enterprise,327,0,5,79,0
CUST-1726,Startup,599,2,5,37,0
CUST-1727,Mid-Market,569,4,17,85,0
CUST-1728,Startup,241,1,12,28,0
CUST-1729,Startup,398,0,2,102,0
CUST-1730,Startup,679,2,5,51,0
CUST-1731,Enterprise,352,0,34,62,1
CUST-1732,Mid-Market,430,0,17,22,0
CUST-1733,Mid-Market,569,3,64,58,1
CUST-1734,Startup,617,2,21,64,0
CUST-1735,Enterprise,462,3,42,58,0
CUST-1736,Startup,410,1,3,48,0
CUST-1737,Enterprise,713,1,22,41,0
CUST-1738,Startup,760,2,0,82,0
CUST-1739,Startup,646,4,16,60,0
CUST-1740,Startup,512,3,9,90,0
CUST-1741,Startup,378,1,6,49,0
CUST-1742,Mid-Market,375,4,29,51,0
CUST-1743,Mid-Market,578,1,28,76,0
CUST-1744,Startup,562,3,0,27,0
CUST-1745,Enterprise,710,1,14,35,0
CUST-1746,Startup,597,1,6,81,0
CUST-1747,Mid-Market,274,2,8,36,0
CUST-1748,Enterprise,657,3,26,23,0
CUST-1749,Mid-Market,350,1,5,97,0
CUST-1750,Startup,442,3,42,32,1
CUST-1751,Enterprise,537,2,2,63,0
CUST-1752,Mid-Market,799,2,16,61,0
CUST-1753,Startup,966,2,16,3,1
CUST-1754,Startup,591,0,4,54,0
CUST-1755,Mid-Market,472,5,5,68,0
CUST-1756,Mid-Market,580,2,27,67,0
CUST-1757,Mid-Market,633,2,21,78,0
CUST-1758,Enterprise,451,0,5,52,0
CUST-1759,Mid-Market,769,4,11,74,0
CUST-1760,Startup,534,1,0,46,0
CUST-1761,Startup,574,1,3,31,0
CUST-1762,Startup,599,5,9,34,0
CUST-1763,Mid-Market,563,0,1,30,0
CUST-1764,Startup,625,2,27,80,0
CUST-1765,Mid-Market,407,1,18,29,0
CUST-1766,Mid-Market,416,3,43,65,1
CUST-1767,Enterprise,334,2,17,54,0
CUST-1768,Startup,565,5,42,57,1
CUST-1769,Enterprise,616,3,12,87,0
CUST-1770,Startup,568,2,13,51,0
CUST-1771,Enterprise,751,2,56,72,1
CUST-1772,Startup,499,1,15,60,0
CUST-1773,Startup,600,0,0,56,0
CUST-1774,Mid-Market,336,1,19,105,0
CUST-1775,Startup,441,3,35,31,1
CUST-1776,Startup,604,1,23,85,0
CUST-1777,Mid-Market,627,1,13,73,0
CUST-1778,Mid-Market,455,0,16,50,0
CUST-1779,Mid-Market,489,2,69,92,1
CUST-1780,Mid-Market,272,3,1,23,0
CUST-1781,Mid-Market,446,4,16,49,0
CUST-1782,Startup,633,2,4,35,0
CUST-1783,Startup,586,3,15,68,0
CUST-1784,Startup,575,3,14,37,0
CUST-1785,Enterprise,507,2,2,68,0
CUST-1786,Mid-Market,501,3,3,56,0
CUST-1787,Startup,400,0,14,50,0
CUST-1788,Startup,604,2,2,67,0
CUST-1789,Enterprise,563,2,4,54,0
CUST-1790,Startup,573,4,27,38,0
CUST-1791,Mid-Market,421,2,5,116,1
CUST-1792,Mid-Market,176,2,10,50,0
CUST-1793,Mid-Market,664,2,42,15,1
CUST-1794,Startup,428,2,3,43,0
CUST-1795,Enterprise,370,1,7,34,0
CUST-1796,Enterprise,604,2,13,76,0
CUST-1797,Mid-Market,441,3,21,66,0
CUST-1798,Mid-Market,658,1,34,67,1
CUST-1799,Enterprise,592,3,37,52,1
CUST-1800,Mid-Market,602,3,22,54,0
CUST-1801,Startup,295,1,3,52,0
CUST-1802,Mid-Market,681,1,0,58,0
CUST-1803,Mid-Market,539,4,7,76,0
CUST-1804,Startup,444,2,2,66,1
CUST-1805,Mid-Market,521,1,18,70,1
CUST-1806,Enterprise,233,1,16,69,0
CUST-1807,Enterprise,561,0,0,77,0
CUST-1808,Startup,345,2,27,65,0
CUST-1809,Startup,297,3,4,67,0
CUST-1810,Enterprise,271,2,8,83,0
CUST-1811,Enterprise,666,1,16,46,0
CUST-1812,Startup,405,1,8,42,0
CUST-1813,Enterprise,730,4,8,36,1
CUST-1814,Enterprise,419,1,1,63,0
CUST-1815,Mid-Market,243,1,7,22,0
CUST-1816,Mid-Market,332,3,21,69,0
CUST-1817,Startup,685,1,37,57,1
CUST-1818,Startup,476,1,8,82,0
CUST-1819,Startup,417,3,8,46,1
CUST-1820,Enterprise,524,2,18,55,0
CUST-1821,Startup,575,2,42,82,1
CUST-1822,Startup,667,2,4,87,0
CUST-1823,Startup,717,2,8,46,0
CUST-1824,Mid-Market,446,3,23,63,0
CUST-1825,Enterprise,301,3,14,65,0
CUST-1826,Startup,437,5,1,67,0
CUST-1827,Startup,539,1,14,54,0
CUST-1828,Mid-Market,355,3,3,85,0
CUST-1829,Startup,356,1,10,22,0
CUST-1830,Startup,551,0,11,51,0
CUST-1831,Startup,492,2,31,68,1
CUST-1832,Startup,504,3,9,69,0
CUST-1833,Startup,386,1,4,87,0
CUST-1834,Startup,465,4,3,83,0
CUST-1835,Startup,361,1,31,54,1
CUST-1836,Enterprise,633,0,2,85,0
CUST-1837,Startup,655,2,8,45,1
CUST-1838,Mid-Market,223,0,3,78,0
CUST-1839,Mid-Market,360,4,22,96,0
CUST-1840,Startup,275,1,9,84,0
CUST-1841,Mid-Market,402,2,6,62,0
CUST-1842,Startup,487,1,6,53,0
CUST-1843,Enterprise,282,1,28,29,0
CUST-1844,Startup,361,1,12,66,1
CUST-1845,Startup,349,2,18,37,0
CUST-1846,Startup,531,1,34,44,1
CUST-1847,Enterprise,510,2,34,36,1
CUST-1848,Mid-Market,391,3,5,50,0
CUST-1849,Mid-Market,526,4,45,59,1
CUST-1850,Startup,417,2,0,65,0
CUST-1851,Mid-Market,459,2,7,47,0
CUST-1852,Startup,751,3,33,81,1
CUST-1853,Enterprise,701,3,4,55,0
CUST-1854,Startup,305,2,4,44,0
CUST-1855,Startup,624,3,5,64,0
CUST-1856,Startup,621,1,14,99,0
CUST-1857,Startup,327,4,8,66,0
CUST-1858,Mid-Market,622,0,19,52,0
CUST-1859,Startup,730,5,33,29,1
CUST-1860,Mid-Market,331,2,16,55,0
CUST-1861,Startup,362,1,3,64,0
CUST-1862,Mid-Market,652,1,40,52,1
CUST-1863,Startup,540,1,4,26,1
CUST-1864,Startup,582,2,2,42,0
CUST-1865,Mid-Market,551,1,1,89,1
CUST-1866,Startup,558,4,12,88,0
CUST-1867,Startup,301,3,1,42,0
CUST-1868,Enterprise,657,0,2,73,0
CUST-1869,Enterprise,675,2,5,36,0
CUST-1870,Startup,465,0,4,88,0
CUST-1871,Startup,493,0,13,64,0
CUST-1872,Mid-Market,270,2,25,78,0
CUST-1873,Startup,577,3,21,25,1
CUST-1874,Startup,585,2,4,73,0
CUST-1875,Startup,490,2,4,59,0
CUST-1876,Mid-Market,668,1,50,77,1
CUST-1877,Mid-Market,449,0,0,78,0
CUST-1878,Startup,584,2,31,61,1
CUST-1879,Startup,347,3,3,47,0
CUST-1880,Startup,496,3,44,75,1
CUST-1881,Mid-Market,473,3,6,58,0
CUST-1882,Startup,533,3,8,42,0
CUST-1883,Startup,444,0,18,41,0
CUST-1884,Mid-Market,480,1,13,30,0
CUST-1885,Startup,623,2,5,49,0
CUST-1886,Mid-Market,434,1,12,82,1
CUST-1887,Startup,259,4,19,63,0
CUST-1888,Startup,762,0,0,49,0
CUST-1889,Startup,707,1,0,76,0
CUST-1890,Mid-Market,306,4,9,43,0
CUST-1891,Enterprise,603,1,2,61,0
CUST-1892,Enterprise,424,2,16,56,0
CUST-1893,Startup,539,4,3,75,1
CUST-1894,Mid-Market,544,2,8,28,0
CUST-1895,Startup,464,3,3,42,0
CUST-1896,Startup,382,1,11,27,0
CUST-1897,Enterprise,396,2,1,54,0
CUST-1898,Startup,362,1,0,84,0
CUST-1899,Startup,375,3,0,49,0
CUST-1900,Startup,489,3,46,49,1
CUST-1901,Startup,392,1,2,77,0
CUST-1902,Startup,602,3,18,81,0
CUST-1903,Mid-Market,723,3,1,58,0
CUST-1904,Startup,412,3,1,73,0
CUST-1905,Enterprise,535,2,10,38,0
CUST-1906,Enterprise,574,0,9,87,0
CUST-1907,Startup,570,4,45,102,1
CUST-1908,Startup,511,1,43,70,1
CUST-1909,Startup,611,2,22,18,0
CUST-1910,Mid-Market,572,2,13,48,0
CUST-1911,Startup,314,1,9,72,0
CUST-1912,Mid-Market,630,2,6,51,0
CUST-1913,Startup,633,6,44,85,1
CUST-1914,Mid-Market,385,0,13,71,0
CUST-1915,Startup,505,4,12,45,0
CUST-1916,Startup,602,2,3,60,0
CUST-1917,Enterprise,468,1,0,42,0
CUST-1918,Mid-Market,660,2,43,56,1
CUST-1919,Startup,854,4,5,48,0
CUST-1920,Enterprise,382,1,8,83,0
CUST-1921,Startup,292,2,1,102,0
CUST-1922,Enterprise,545,2,27,31,0
CUST-1923,Mid-Market,608,5,0,21,1
CUST-1924,Startup,465,1,26,55,1
CUST-1925,Startup,717,0,2,29,0
CUST-1926,Startup,299,2,32,60,1
CUST-1927,Mid-Market,603,1,19,74,0
CUST-1928,Mid-Market,409,0,2,89,0
CUST-1929,Startup,757,1,12,64,0
CUST-1930,Startup,798,1,5,56,0
CUST-1931,Enterprise,385,2,2,20,0
CUST-1932,Enterprise,417,2,29,60,1
CUST-1933,Mid-Market,628,2,7,61,0
CUST-1934,Startup,441,0,7,72,0
CUST-1935,Startup,493,3,2,45,0
CUST-1936,Startup,503,1,7,51,0
CUST-1937,Enterprise,212,1,30,30,0
CUST-1938,Startup,497,3,6,14,0
CUST-1939,Mid-Market,396,1,45,37,1
CUST-1940,Startup,426,0,43,28,1
CUST-1941,Mid-Market,716,1,2,66,0
CUST-1942,Mid-Market,311,2,2,49,0
CUST-1943,Enterprise,621,2,29,49,0
CUST-1944,Startup,458,1,7,40,0
CUST-1945,Startup,458,1,0,-4,0
CUST-1946,Startup,618,4,4,90,0
CUST-1947,Enterprise,551,3,13,39,1
CUST-1948,Enterprise,585,0,24,51,0
CUST-1949,Mid-Market,645,1,2,30,0
CUST-1950,Mid-Market,450,3,1,79,0
CUST-1951,Mid-Market,408,3,38,62,0
CUST-1952,Startup,337,1,20,43,0
CUST-1953,Enterprise,376,2,13,52,0
CUST-1954,Startup,942,3,21,93,0
CUST-1955,Startup,686,1,8,58,0
CUST-1956,Mid-Market,297,0,21,56,0
CUST-1957,Startup,301,2,6,41,0
CUST-1958,Startup,572,3,4,22,0
CUST-1959,Mid-Market,582,2,19,56,0
CUST-1960,Startup,582,3,8,66,0
CUST-1961,Mid-Market,461,0,59,81,1
CUST-1962,Startup,481,2,6,15,0
CUST-1963,Startup,549,4,38,37,1
CUST-1964,Startup,512,4,40,48,1
CUST-1965,Startup,167,2,4,59,0
CUST-1966,Mid-Market,465,2,24,57,1
CUST-1967,Startup,372,1,8,57,0
CUST-1968,Mid-Market,526,1,37,68,1
CUST-1969,Startup,947,0,8,41,0
CUST-1970,Mid-Market,555,2,20,78,0
CUST-1971,Enterprise,452,0,9,68,0
CUST-1972,Mid-Market,638,1,3,53,0
CUST-1973,Startup,572,3,3,92,0
CUST-1974,Startup,563,0,8,91,0
CUST-1975,Startup,591,2,21,78,0
CUST-1976,Mid-Market,808,1,13,0,0
CUST-1977,Startup,330,2,17,91,0
CUST-1978,Startup,571,0,4,75,0
CUST-1979,Mid-Market,361,2,9,100,0
CUST-1980,Startup,583,1,0,84,0
CUST-1981,Mid-Market,362,3,25,91,1
CUST-1982,Startup,437,3,68,77,1
CUST-1983,Startup,455,2,7,86,0
CUST-1984,Mid-Market,646,2,0,99,0
CUST-1985,Startup,637,2,2,64,1
CUST-1986,Mid-Market,313,0,15,28,0
CUST-1987,Startup,508,2,14,53,0
CUST-1988,Startup,393,2,23,67,0
CUST-1989,Enterprise,311,1,4,61,0
CUST-1990,Mid-Market,467,3,21,35,1
CUST-1991,Mid-Market,453,1,17,27,0
CUST-1992,Startup,864,1,5,45,0
CUST-1993,Mid-Market,564,2,11,76,0
CUST-1994,Startup,293,1,2,91,0
CUST-1995,Startup,415,1,9,78,1
CUST-1996,Enterprise,653,0,31,81,1
CUST-1997,Startup,813,3,8,58,0
CUST-1998,Enterprise,262,2,27,25,0
CUST-1999,Startup,218,2,13,50,1
CUST-2000,Startup,780,4,3,54,0
CUST-2001,Mid-Market,558,1,13,50,0
CUST-2002,Enterprise,369,3,10,61,0
CUST-2003,Mid-Market,580,2,7,68,0
CUST-2004,Enterprise,104,2,1,77,0
CUST-2005,Mid-Market,500,1,8,54,0
CUST-2006,Mid-Market,549,3,1,21,0
CUST-2007,Enterprise,638,1,1,50,0
CUST-2008,Startup,347,2,8,60,0
CUST-2009,Startup,512,1,5,84,0
CUST-2010,Startup,361,3,38,48,1
CUST-2011,Enterprise,538,3,7,70,0
CUST-2012,Enterprise,365,1,21,65,0
CUST-2013,Startup,438,2,11,60,0
CUST-2014,Mid-Market,350,0,18,78,1
CUST-2015,Enterprise,597,2,4,46,0
CUST-2016,Startup,628,2,42,48,1
CUST-2017,Mid-Market,464,0,11,59,0
CUST-2018,Enterprise,505,3,26,47,0
CUST-2019,Startup,282,4,6,70,0
CUST-2020,Mid-Market,455,0,1,45,0
CUST-2021,Startup,492,3,16,64,0
CUST-2022,Enterprise,893,1,0,57,0
CUST-2023,Enterprise,333,2,9,64,0
CUST-2024,Enterprise,719,3,3,50,0
CUST-2025,Startup,649,2,14,53,0
CUST-2026,Enterprise,542,0,58,61,1
CUST-2027,Enterprise,763,0,9,64,0
CUST-2028,Startup,555,1,25,59,0
CUST-2029,Enterprise,558,4,10,94,0
CUST-2030,Startup,492,1,10,40,0
CUST-2031,Mid-Market,683,0,39,58,1
CUST-2032,Startup,664,2,33,28,1
CUST-2033,Startup,406,0,23,67,0
CUST-2034,Startup,302,3,5,37,0
CUST-2035,Mid-Market,469,3,11,54,1
CUST-2036,Startup,379,2,3,52,0
CUST-2037,Mid-Market,490,4,8,65,0
CUST-2038,Startup,685,0,9,48,0
CUST-2039,Startup,431,4,26,48,0
CUST-2040,Mid-Market,493,1,33,88,1
CUST-2041,Mid-Market,508,2,8,65,0
CUST-2042,Startup,627,1,0,48,1
CUST-2043,Mid-Market,162,1,29,54,0
CUST-2044,Enterprise,408,4,2,92,0
CUST-2045,Mid-Market,531,0,14,55,0
CUST-2046,Startup,680,0,0,46,0
CUST-2047,Startup,426,3,7,46,0
CUST-2048,Enterprise,218,1,63,49,1
CUST-2049,Startup,592,2,1,48,0
CUST-2050,Enterprise,404,1,8,34,0
CUST-2051,Mid-Market,321,2,5,37,0
CUST-2052,Enterprise,406,3,35,43,0
CUST-2053,Mid-Market,472,3,30,71,0
CUST-2054,Enterprise,409,1,4,52,0
CUST-2055,Startup,169,1,1,55,0
CUST-2056,Mid-Market,634,1,14,85,0
CUST-2057,Startup,691,2,6,85,0
CUST-2058,Startup,597,2,16,54,0
CUST-2059,Mid-Market,329,4,0,47,0
CUST-2060,Enterprise,469,4,2,42,0
CUST-2061,Enterprise,499,4,17,73,0
CUST-2062,Mid-Market,589,2,3,55,0
CUST-2063,Startup,600,2,29,52,0
CUST-2064,Startup,389,0,0,43,0
CUST-2065,Mid-Market,512,2,3,44,0
CUST-2066,Startup,568,1,98,66,0
CUST-2067,Startup,718,2,8,33,0
CUST-2068,Startup,605,2,18,79,1
CUST-2069,Startup,618,1,3,49,0
CUST-2070,Startup,512,5,14,57,0
CUST-2071,Startup,711,1,19,33,1
CUST-2072,Startup,561,3,5,59,0
CUST-2073,Startup,370,2,26,53,0
CUST-2074,Enterprise,710,3,13,58,0
CUST-2075,Startup,604,4,7,89,0
CUST-2076,Startup,433,1,12,63,0
CUST-2077,Mid-Market,428,0,12,44,0
CUST-2078,Startup,544,4,2,45,0
CUST-2079,Enterprise,569,3,7,71,0
CUST-2080,Mid-Market,529,1,6,85,0
CUST-2081,Startup,546,2,7,65,0
CUST-2082,Startup,754,4,21,73,0
CUST-2083,Enterprise,660,3,9,72,0
CUST-2084,Enterprise,528,1,42,88,1
CUST-2085,Startup,641,0,5,21,0
CUST-2086,Mid-Market,345,4,8,73,1
CUST-2087,Startup,559,1,23,79,0
CUST-2088,Enterprise,771,1,11,33,0
CUST-2089,Startup,467,3,11,42,0
CUST-2090,Enterprise,372,3,0,42,0
CUST-2091,Mid-Market,402,2,7,45,0
CUST-2092,Mid-Market,336,0,4,50,0
CUST-2093,Mid-Market,382,3,109,64,1
CUST-2094,Startup,444,1,5,77,0
CUST-2095,Startup,289,1,32,81,1
CUST-2096,Startup,502,2,16,43,0
CUST-2097,Startup,635,1,6,43,0
CUST-2098,Mid-Market,363,1,11,86,0
CUST-2099,Startup,727,2,27,72,0
CUST-2100,Startup,576,1,32,61,1
CUST-2101,Enterprise,654,3,2,69,0
CUST-2102,Enterprise,401,1,6,59,0
CUST-2103,Enterprise,628,1,6,70,0
CUST-2104,Enterprise,336,4,0,53,0
CUST-2105,Startup,633,1,13,65,0
CUST-2106,Startup,525,3,28,29,0
CUST-2107,Mid-Market,582,1,7,46,0
CUST-2108,Mid-Market,323,0,20,46,0
CUST-2109,Startup,365,3,14,52,0
CUST-2110,Enterprise,589,1,7,41,0
CUST-2111,Startup,357,0,2,49,0
CUST-2112,Startup,569,3,18,29,0
CUST-2113,Mid-Market,294,1,28,70,0
CUST-2114,Mid-Market,627,1,17,58,0
CUST-2115,Mid-Market,315,4,0,25,0
CUST-2116,Startup,582,2,3,43,0
CUST-2117,Enterprise,593,3,1,66,0
CUST-2118,Startup,395,2,12,49,0
CUST-2119,Startup,587,1,21,46,0
CUST-2120,Enterprise,539,0,1,58,0
CUST-2121,Enterprise,419,2,27,66,0
CUST-2122,Enterprise,348,0,12,31,0
CUST-2123,Enterprise,205,3,17,71,0
CUST-2124,Mid-Market,552,1,53,43,0
CUST-2125,Mid-Market,265,0,1,59,0
CUST-2126,Startup,514,1,34,59,1
CUST-2127,Startup,460,1,2,49,0
CUST-2128,Startup,601,4,7,39,0
CUST-2129,Startup,454,3,28,54,0
CUST-2130,Mid-Market,450,3,35,92,1
CUST-2131,Startup,609,1,10,32,1
CUST-2132,Startup,550,2,13,93,0
CUST-2133,Startup,547,3,18,54,0
CUST-2134,Mid-Market,570,3,26,60,0
CUST-2135,Startup,269,4,1,38,0
CUST-2136,Enterprise,613,0,24,44,0
CUST-2137,Startup,591,0,9,49,1
CUST-2138,Startup,347,3,8,39,0
CUST-2139,Mid-Market,463,2,8,55,0
CUST-2140,Enterprise,494,1,10,51,0
CUST-2141,Startup,479,1,43,97,1
CUST-2142,Mid-Market,550,1,11,36,0
CUST-2143,Mid-Market,714,3,45,62,1
CUST-2144,Startup,662,1,2,64,0
CUST-2145,Enterprise,303,0,19,38,1
CUST-2146,Mid-Market,593,1,25,73,0
CUST-2147,Mid-Market,699,5,17,52,0
CUST-2148,Enterprise,558,1,14,10,1
CUST-2149,Enterprise,663,0,12,73,0
CUST-2150,Mid-Market,801,3,29,37,0
CUST-2151,Enterprise,653,2,25,39,0
CUST-2152,Mid-Market,537,1,1,73,0
CUST-2153,Mid-Market,656,1,28,53,1
CUST-2154,Mid-Market,521,4,8,78,0
CUST-2155,Mid-Market,503,1,4,84,0
CUST-2156,Startup,447,2,30,47,0
CUST-2157,Enterprise,734,2,8,75,0
CUST-2158,Enterprise,377,1,24,44,0
CUST-2159,Startup,729,4,4,104,0
CUST-2160,Enterprise,574,1,0,46,0
CUST-2161,Startup,290,0,10,80,0
CUST-2162,Startup,555,2,1,76,0
CUST-2163,Mid-Market,184,0,21,66,0
CUST-2164,Startup,593,3,4,46,1
CUST-2165,Enterprise,632,0,8,56,0
CUST-2166,Enterprise,411,5,1,16,1
CUST-2167,Mid-Market,518,3,5,64,0
CUST-2168,Startup,793,1,22,66,0
CUST-2169,Startup,424,2,2,62,0
CUST-2170,Mid-Market,341,2,15,0,0
CUST-2171,Enterprise,722,2,37,34,0
CUST-2172,Mid-Market,794,1,17,45,0
CUST-2173,Startup,500,4,24,65,0
CUST-2174,Mid-Market,651,1,1,65,0
CUST-2175,Mid-Market,701,4,4,56,0
CUST-2176,Mid-Market,388,0,33,72,1
CUST-2177,Startup,427,2,18,39,0
CUST-2178,Mid-Market,684,2,15,72,0
CUST-2179,Mid-Market,752,1,16,69,0
CUST-2180,Enterprise,584,4,8,67,0
CUST-2181,Startup,368,2,0,56,0
CUST-2182,Mid-Market,798,4,23,96,0
CUST-2183,Enterprise,420,2,17,69,0
CUST-2184,Startup,449,3,9,40,0
CUST-2185,Enterprise,551,3,34,64,1
CUST-2186,Mid-Market,733,1,6,75,0
CUST-2187,Startup,628,0,5,48,1
CUST-2188,Startup,562,1,30,81,0
CUST-2189,Mid-Market,569,2,23,67,0
CUST-2190,Startup,506,2,10,13,0
CUST-2191,Mid-Market,583,4,2,65,0
CUST-2192,Startup,120,1,3,51,0
CUST-2193,Mid-Market,455,3,16,70,0
CUST-2194,Startup,536,4,7,78,1
CUST-2195,Enterprise,327,4,27,63,0
CUST-2196,Enterprise,557,1,44,93,1
CUST-2197,Enterprise,469,2,24,56,0
CUST-2198,Mid-Market,763,3,7,72,0
CUST-2199,Startup,735,0,23,76,0
CUST-2200,Mid-Market,430,1,6,58,0
CUST-2201,Startup,477,2,2,75,0
CUST-2202,Startup,488,3,0,48,1
CUST-2203,Startup,432,2,7,51,0
CUST-2204,Startup,529,1,35,33,0
CUST-2205,Mid-Market,386,1,4,64,0
CUST-2206,Mid-Market,330,0,3,66,0
CUST-2207,Startup,593,2,52,83,1
CUST-2208,Startup,594,2,0,75,0
CUST-2209,Enterprise,379,1,23,54,0
CUST-2210,Startup,634,2,5,36,0
CUST-2211,Startup,405,3,0,68,1
CUST-2212,Startup,537,2,37,82,1
CUST-2213,Mid-Market,623,2,2,75,0
CUST-2214,Mid-Market,494,3,12,81,0
CUST-2215,Startup,568,2,4,55,0
CUST-2216,Startup,422,2,1,50,0
CUST-2217,Mid-Market,470,1,0,45,0
CUST-2218,Mid-Market,469,4,1,58,0
CUST-2219,Startup,388,5,1,58,0
CUST-2220,Enterprise,473,1,21,64,0
CUST-2221,Startup,267,1,9,57,0
CUST-2222,Startup,426,4,6,57,0
CUST-2223,Enterprise,457,2,8,44,0
CUST-2224,Startup,461,4,39,78,0
CUST-2225,Mid-Market,463,3,36,61,1
CUST-2226,Startup,490,2,18,56,0
CUST-2227,Startup,571,2,32,45,0
CUST-2228,Enterprise,631,0,5,33,0
CUST-2229,Startup,402,2,7,86,0
CUST-2230,Enterprise,319,0,14,71,0
CUST-2231,Startup,343,4,14,27,0
CUST-2232,Startup,426,3,9,75,0
CUST-2233,Startup,447,3,7,78,0
CUST-2234,Mid-Market,384,0,64,62,0
CUST-2235,Startup,305,4,25,91,0
CUST-2236,Enterprise,431,2,8,64,0
CUST-2237,Startup,527,1,19,31,0
CUST-2238,Enterprise,589,1,4,67,1
CUST-2239,Startup,416,3,1,64,0
CUST-2240,Enterprise,438,2,6,47,0
CUST-2241,Mid-Market,360,1,7,71,0
CUST-2242,Mid-Market,495,2,0,26,0
CUST-2243,Enterprise,372,1,25,79,0
CUST-2244,Mid-Market,585,2,6,42,0
CUST-2245,Mid-Market,232,3,13,40,0
CUST-2246,Startup,446,2,1,57,0
CUST-2247,Startup,545,1,2,68,0
CUST-2248,Enterprise,527,0,33,63,1
CUST-2249,Mid-Market,903,0,14,45,0
CUST-2250,Mid-Market,552,1,45,49,0
CUST-2251,Startup,349,2,100,37,1
CUST-2252,Startup,485,2,6,55,0
CUST-2253,Startup,233,2,5,81,0
CUST-2254,Mid-Market,487,1,29,59,0
CUST-2255,Startup,375,1,98,77,1
CUST-2256,Startup,637,2,14,89,0
CUST-2257,Startup,417,0,23,48,0
CUST-2258,Startup,482,1,22,56,0
CUST-2259,Mid-Market,404,3,6,103,0
CUST-2260,Startup,760,0,12,88,0
CUST-2261,Mid-Market,451,0,26,26,0
CUST-2262,Startup,774,1,17,67,0
CUST-2263,Startup,622,1,0,60,0
CUST-2264,Startup,572,0,6,76,0
CUST-2265,Startup,555,2,2,45,1
CUST-2266,Startup,559,2,3,43,0
CUST-2267,Startup,210,2,35,46,1
CUST-2268,Mid-Market,458,0,0,48,0
CUST-2269,Startup,626,3,3,76,0
CUST-2270,Mid-Market,492,0,5,36,1
CUST-2271,Enterprise,289,2,14,47,0
CUST-2272,Mid-Market,492,3,11,24,0
CUST-2273,Startup,755,4,3,80,0
CUST-2274,Startup,687,2,2,85,0
CUST-2275,Startup,490,2,4,53,0
CUST-2276,Startup,642,1,10,54,0
CUST-2277,Enterprise,445,4,4,69,0
CUST-2278,Startup,244,3,44,89,1
CUST-2279,Startup,361,3,9,68,0
CUST-2280,Mid-Market,734,2,0,46,0
CUST-2281,Mid-Market,458,1,19,27,0
CUST-2282,Mid-Market,463,3,5,37,0
CUST-2283,Startup,455,1,15,61,0
CUST-2284,Startup,785,0,4,46,0
CUST-2285,Mid-Market,743,3,12,63,0
CUST-2286,Startup,832,2,22,48,0
CUST-2287,Startup,476,3,39,38,1
CUST-2288,Startup,544,3,4,36,0
CUST-2289,Startup,272,0,6,91,0
CUST-2290,Startup,721,3,9,77,0
CUST-2291,Startup,324,2,39,94,0
CUST-2292,Mid-Market,532,2,34,70,1
CUST-2293,Mid-Market,335,3,1,51,0
CUST-2294,Enterprise,411,1,2,86,0
CUST-2295,Startup,374,1,10,59,0
CUST-2296,Startup,408,2,1,64,1
CUST-2297,Startup,419,1,6,59,0
CUST-2298,Mid-Market,417,0,2,1,0
CUST-2299,Mid-Market,625,2,15,92,0
CUST-2300,Startup,334,4,44,69,1
CUST-2301,Enterprise,533,2,85,66,1
CUST-2302,Startup,682,0,7,58,0
CUST-2303,Mid-Market,423,1,13,63,0
CUST-2304,Mid-Market,392,5,29,48,1
CUST-2305,Enterprise,465,4,1,72,0
CUST-2306,Mid-Market,676,4,17,33,0
CUST-2307,Enterprise,529,4,7,63,0
CUST-2308,Startup,420,3,3,71,0
CUST-2309,Enterprise,572,2,7,56,0
CUST-2310,Startup,334,1,1,67,0
CUST-2311,Enterprise,602,1,17,40,0
CUST-2312,Mid-Market,561,1,4,40,0
CUST-2313,Enterprise,453,0,5,64,0
CUST-2314,Startup,374,1,1,73,0
CUST-2315,Mid-Market,366,4,29,22,0
CUST-2316,Mid-Market,580,0,10,70,0
CUST-2317,Mid-Market,684,1,12,49,0
CUST-2318,Startup,404,3,12,56,1
CUST-2319,Startup,568,1,7,33,0
CUST-2320,Startup,186,2,3,42,0
CUST-2321,Startup,412,1,20,79,0
CUST-2322,Enterprise,495,2,2,60,0
CUST-2323,Startup,363,3,1,52,1
CUST-2324,Enterprise,359,1,18,57,0
CUST-2325,Startup,399,5,3,69,0
CUST-2326,Startup,543,5,5,68,0
CUST-2327,Mid-Market,471,1,9,58,0
CUST-2328,Mid-Market,164,0,8,81,0
CUST-2329,Startup,181,1,18,79,1
CUST-2330,Mid-Market,408,3,14,68,0
CUST-2331,Mid-Market,568,1,15,61,0
CUST-2332,Startup,87,0,18,73,0
CUST-2333,Enterprise,425,3,5,66,0
CUST-2334,Enterprise,421,2,5,81,0
CUST-2335,Mid-Market,708,0,8,77,0
CUST-2336,Startup,442,0,5,39,1
CUST-2337,Mid-Market,557,1,62,38,1
CUST-2338,Startup,521,2,25,45,0
CUST-2339,Startup,180,1,2,79,0
CUST-2340,Startup,615,0,0,28,0
CUST-2341,Startup,532,3,0,67,0
CUST-2342,Enterprise,576,0,4,67,0
CUST-2343,Mid-Market,1088,2,1,83,0
CUST-2344,Mid-Market,187,1,11,63,0
CUST-2345,Startup,758,1,29,33,0
CUST-2346,Startup,456,3,20,40,0
CUST-2347,Startup,543,2,3,36,0
CUST-2348,Enterprise,493,3,7,49,0
CUST-2349,Startup,436,3,10,56,0
CUST-2350,Enterprise,414,5,24,36,1
CUST-2351,Mid-Market,549,2,27,89,0
CUST-2352,Startup,272,0,36,33,1
CUST-2353,Mid-Market,612,1,10,86,0
CUST-2354,Startup,437,1,17,83,0
CUST-2355,Enterprise,330,2,1,77,0
CUST-2356,Enterprise,432,3,12,46,1
CUST-2357,Startup,688,4,4,66,0
CUST-2358,Startup,419,0,8,34,0
CUST-2359,Mid-Market,553,1,15,78,1
CUST-2360,Enterprise,390,2,4,58,0
CUST-2361,Startup,613,2,0,51,0
CUST-2362,Mid-Market,602,3,0,35,0
CUST-2363,Mid-Market,777,1,0,10,0
CUST-2364,Mid-Market,473,1,0,39,0
CUST-2365,Startup,600,2,1,82,0
CUST-2366,Mid-Market,514,0,4,51,0
CUST-2367,Enterprise,694,3,3,56,1
CUST-2368,Startup,392,3,64,73,1
CUST-2369,Startup,611,3,5,96,0
CUST-2370,Enterprise,470,3,2,86,0
CUST-2371,Startup,490,2,11,40,0
CUST-2372,Enterprise,513,5,29,21,1
CUST-2373,Startup,537,3,17,107,0
CUST-2374,Startup,482,1,5,105,0
CUST-2375,Enterprise,532,4,12,63,1
CUST-2376,Startup,736,2,18,34,0
CUST-2377,Mid-Market,647,2,19,79,0
CUST-2378,Startup,630,0,16,57,0
CUST-2379,Mid-Market,431,1,30,57,0
CUST-2380,Startup,366,2,30,77,0
CUST-2381,Startup,643,1,12,66,0
CUST-2382,Enterprise,631,3,8,36,0
CUST-2383,Startup,720,5,15,53,0
CUST-2384,Mid-Market,409,2,25,73,0
CUST-2385,Startup,465,2,0,70,0
CUST-2386,Mid-Market,254,2,72,65,1
CUST-2387,Startup,441,1,3,78,0
CUST-2388,Enterprise,649,1,9,52,0
CUST-2389,Startup,430,3,30,63,0
CUST-2390,Startup,596,4,3,-7,0
CUST-2391,Startup,471,2,9,51,0
CUST-2392,Startup,548,4,2,75,0
CUST-2393,Mid-Market,327,2,7,52,1
CUST-2394,Startup,512,3,2,50,0
CUST-2395,Enterprise,51,2,6,39,0
CUST-2396,Startup,471,3,7,80,0
CUST-2397,Startup,255,2,74,70,0
CUST-2398,Mid-Market,680,3,78,76,1
CUST-2399,Mid-Market,616,0,1,25,0
CUST-2400,Startup,570,2,19,56,0
CUST-2401,Startup,728,2,0,54,0
CUST-2402,Startup,357,3,0,54,0
CUST-2403,Mid-Market,762,2,1,47,0
CUST-2404,Mid-Market,639,0,50,53,1
CUST-2405,Startup,464,1,42,76,1
CUST-2406,Enterprise,670,4,3,21,0
CUST-2407,Enterprise,334,2,2,95,0
CUST-2408,Mid-Market,376,2,4,69,0
CUST-2409,Enterprise,408,1,10,59,0
CUST-2410,Startup,420,2,12,78,0
CUST-2411,Startup,341,1,3,30,0
CUST-2412,Startup,683,2,21,46,0
CUST-2413,Startup,461,1,5,57,1
CUST-2414,Mid-Market,552,2,38,87,0
CUST-2415,Enterprise,414,1,16,59,0
CUST-2416,Startup,226,3,8,69,0
CUST-2417,Startup,540,1,23,48,0
CUST-2418,Startup,213,2,25,69,1
CUST-2419,Enterprise,489,1,5,93,0
CUST-2420,Startup,294,0,6,79,0
CUST-2421,Mid-Market,798,1,41,58,1
CUST-2422,Startup,636,2,2,73,0
CUST-2423,Startup,515,0,0,71,0
CUST-2424,Enterprise,689,2,9,70,0
CUST-2425,Enterprise,373,2,24,82,0
CUST-2426,Startup,581,0,22,82,0
CUST-2427,Enterprise,529,1,37,57,1
CUST-2428,Mid-Market,539,2,11,72,0
CUST-2429,Enterprise,690,0,1,52,0
CUST-2430,Startup,609,4,13,41,0
CUST-2431,Mid-Market,543,4,22,54,1
CUST-2432,Startup,251,1,1,58,0
CUST-2433,Mid-Market,355,2,2,26,0
CUST-2434,Startup,481,3,0,77,0
CUST-2435,Startup,514,4,13,4,0
CUST-2436,Startup,330,3,32,114,1
CUST-2437,Mid-Market,861,1,16,90,0
CUST-2438,Startup,727,3,60,54,1
CUST-2439,Mid-Market,590,1,0,60,0
CUST-2440,Enterprise,510,1,34,66,1
CUST-2441,Startup,468,1,25,48,0
CUST-2442,Mid-Market,357,3,5,63,0
CUST-2443,Startup,511,0,54,57,1
CUST-2444,Enterprise,538,3,5,58,0
CUST-2445,Startup,313,0,33,63,1
CUST-2446,Mid-Market,550,2,31,33,1
CUST-2447,Enterprise,476,0,21,60,0
CUST-2448,Enterprise,213,0,12,63,1
CUST-2449,Mid-Market,370,0,1,62,1
CUST-2450,Startup,437,1,11,55,0
CUST-2451,Mid-Market,783,1,6,82,0
CUST-2452,Enterprise,583,3,23,52,0
CUST-2453,Mid-Market,299,1,21,64,0
CUST-2454,Startup,572,0,36,85,1
CUST-2455,Enterprise,267,3,0,58,1
CUST-2456,Mid-Market,662,2,24,64,0
CUST-2457,Mid-Market,429,1,41,58,1
CUST-2458,Startup,485,1,23,84,0
CUST-2459,Mid-Market,698,3,2,54,0
CUST-2460,Startup,306,3,1,85,1
CUST-2461,Mid-Market,290,1,0,57,1
CUST-2462,Startup,412,2,14,42,0
CUST-2463,Mid-Market,655,3,14,73,0
CUST-2464,Enterprise,272,2,65,53,1
CUST-2465,Startup,75,1,7,72,0
CUST-2466,Enterprise,432,2,6,5,0
CUST-2467,Startup,582,1,14,60,0
CUST-2468,Enterprise,680,2,26,50,0
CUST-2469,Mid-Market,430,4,41,38,1
CUST-2470,Mid-Market,438,1,24,48,0
CUST-2471,Mid-Market,673,0,8,48,0
CUST-2472,Enterprise,219,1,15,59,0
CUST-2473,Startup,441,4,29,32,0
CUST-2474,Startup,528,2,10,66,0
CUST-2475,Mid-Market,567,0,3,87,0
CUST-2476,Enterprise,423,1,2,65,0
CUST-2477,Mid-Market,505,0,0,76,1
CUST-2478,Mid-Market,126,3,19,81,0
CUST-2479,Startup,401,1,1,84,0
CUST-2480,Enterprise,568,2,4,97,0
CUST-2481,Startup,352,2,5,50,0
CUST-2482,Mid-Market,508,3,12,45,0
CUST-2483,Startup,567,2,7,75,0
CUST-2484,Startup,448,1,16,74,0
CUST-2485,Startup,525,4,0,75,0
CUST-2486,Startup,355,2,1,97,0
CUST-2487,Mid-Market,469,2,10,60,0
CUST-2488,Startup,591,1,6,68,0
CUST-2489,Startup,523,4,5,40,0
CUST-2490,Startup,412,1,1,102,0
CUST-2491,Startup,533,3,33,53,1
CUST-2492,Startup,607,2,17,53,0
CUST-2493,Startup,192,1,1,53,1
CUST-2494,Mid-Market,673,1,1,47,0
CUST-2495,Mid-Market,449,0,55,45,1
CUST-2496,Mid-Market,563,1,17,49,0
CUST-2497,Startup,679,1,8,32,0
CUST-2498,Startup,294,1,18,44,0
CUST-2499,Enterprise,393,3,21,98,0
CUST-2500,Mid-Market,456,2,22,74,0
CUST-2501,Startup,382,3,9,78,0
CUST-2502,Startup,760,0,8,83,0
CUST-2503,Startup,371,1,0,96,1
CUST-2504,Startup,416,1,39,24,1
CUST-2505,Startup,530,5,13,35,0
CUST-2506,Mid-Market,319,5,3,43,1
CUST-2507,Mid-Market,440,3,37,50,1
CUST-2508,Mid-Market,547,3,36,53,1
CUST-2509,Mid-Market,450,2,67,51,1
CUST-2510,Enterprise,485,2,31,64,1
CUST-2511,Mid-Market,420,2,91,60,1
CUST-2512,Enterprise,272,0,4,45,0
CUST-2513,Startup,548,2,27,16,0
CUST-2514,Startup,763,1,25,40,0
CUST-2515,Startup,502,2,3,49,0
CUST-2516,Mid-Market,533,2,1,55,0
CUST-2517,Enterprise,603,4,58,37,1
CUST-2518,Startup,309,4,5,50,0
CUST-2519,Enterprise,755,2,30,37,0
CUST-2520,Startup,530,2,0,57,0
CUST-2521,Enterprise,744,4,0,38,0
CUST-2522,Startup,390,2,9,43,0
CUST-2523,Startup,772,4,4,33,0
CUST-2524,Startup,616,0,17,56,0
CUST-2525,Startup,582,0,12,42,1
CUST-2526,Startup,535,2,1,78,0
CUST-2527,Startup,462,2,2,68,0
CUST-2528,Enterprise,680,3,7,58,0
CUST-2529,Mid-Market,521,3,3,44,0
CUST-2530,Startup,204,4,23,67,0
CUST-2531,Mid-Market,332,1,8,73,0
CUST-2532,Mid-Market,472,2,1,62,0
CUST-2533,Startup,546,1,9,92,0
CUST-2534,Startup,491,1,1,69,0
CUST-2535,Startup,682,5,2,78,0
CUST-2536,Startup,207,1,4,62,0
CUST-2537,Mid-Market,521,3,29,73,0
CUST-2538,Startup,227,1,38,44,0
CUST-2539,Mid-Market,613,0,26,50,0
CUST-2540,Mid-Market,485,1,6,66,0
CUST-2541,Startup,562,0,4,66,0
CUST-2542,Mid-Market,370,1,11,70,0
CUST-2543,Startup,691,3,19,82,0
CUST-2544,Enterprise,656,2,75,31,1
CUST-2545,Startup,587,1,2,40,0
CUST-2546,Enterprise,480,3,0,64,0
CUST-2547,Mid-Market,586,3,17,45,0
CUST-2548,Startup,393,0,26,127,0
CUST-2549,Mid-Market,628,2,28,70,0
CUST-2550,Enterprise,747,1,17,58,0
CUST-2551,Mid-Market,660,2,46,49,1
CUST-2552,Enterprise,390,0,10,50,0
CUST-2553,Enterprise,554,3,36,60,1
CUST-2554,Startup,306,2,51,62,1
CUST-2555,Startup,585,4,28,50,0
CUST-2556,Mid-Market,567,1,5,54,0
CUST-2557,Startup,219,4,3,86,0
CUST-2558,Enterprise,325,1,11,87,0
CUST-2559,Enterprise,457,1,9,65,1
CUST-2560,Startup,454,0,31,33,1
CUST-2561,Startup,318,4,1,70,0
CUST-2562,Mid-Market,558,4,4,91,0
CUST-2563,Startup,537,2,20,87,0
CUST-2564,Enterprise,470,2,1,74,0
CUST-2565,Startup,386,2,5,88,0
CUST-2566,Mid-Market,657,2,7,61,0
CUST-2567,Startup,748,4,14,72,0
CUST-2568,Mid-Market,427,0,2,46,0
CUST-2569,Startup,408,4,29,65,0
CUST-2570,Mid-Market,573,1,8,86,0
CUST-2571,Startup,446,1,37,48,1
CUST-2572,Mid-Market,479,2,9,42,0
CUST-2573,Enterprise,610,3,4,61,0
CUST-2574,Startup,213,2,2,55,0
CUST-2575,Startup,697,7,0,72,0
CUST-2576,Startup,510,5,11,50,1
CUST-2577,Mid-Market,438,2,1,94,0
CUST-2578,Mid-Market,486,3,7,34,0
CUST-2579,Mid-Market,494,2,13,85,0
CUST-2580,Startup,240,2,4,44,0
CUST-2581,Startup,724,2,2,24,0
CUST-2582,Mid-Market,506,2,22,64,0
CUST-2583,Startup,566,2,44,54,1
CUST-2584,Enterprise,642,1,1,37,0
CUST-2585,Startup,346,0,2,26,0
CUST-2586,Mid-Market,571,5,48,59,0
CUST-2587,Startup,459,5,0,79,0
CUST-2588,Startup,627,1,57,71,1
CUST-2589,Mid-Market,180,2,0,61,0
CUST-2590,Mid-Market,485,0,31,69,1
CUST-2591,Enterprise,409,1,5,59,0
CUST-2592,Startup,564,2,41,31,1
CUST-2593,Startup,570,0,5,31,0
CUST-2594,Mid-Market,393,2,15,55,0
CUST-2595,Mid-Market,393,4,1,56,1
CUST-2596,Startup,483,3,4,77,0
CUST-2597,Startup,365,3,22,75,0
CUST-2598,Startup,626,5,11,72,0
CUST-2599,Enterprise,444,3,39,54,1
CUST-2600,Startup,63,6,8,32,1
CUST-2601,Startup,443,1,30,68,0
CUST-2602,Startup,344,4,8,70,0
CUST-2603,Startup,255,0,58,12,1
CUST-2604,Startup,314,2,48,43,1
CUST-2605,Mid-Market,516,4,5,46,0
CUST-2606,Startup,699,2,32,62,1
CUST-2607,Enterprise,546,3,28,43,0
CUST-2608,Startup,409,0,3,59,0
CUST-2609,Mid-Market,568,0,14,55,0
CUST-2610,Enterprise,431,2,1,56,0
CUST-2611,Mid-Market,395,5,27,45,1
CUST-2612,Mid-Market,326,1,2,47,0
CUST-2613,Startup,237,1,1,38,0
CUST-2614,Startup,441,2,7,67,1
CUST-2615,Mid-Market,523,2,12,71,0
CUST-2616,Enterprise,485,1,28,44,0
CUST-2617,Mid-Market,437,0,54,90,1
CUST-2618,Mid-Market,358,3,8,53,0
CUST-2619,Mid-Market,591,1,0,90,1
CUST-2620,Startup,302,1,20,47,0
CUST-2621,Startup,616,1,12,19,0
CUST-2622,Mid-Market,349,2,8,68,0
CUST-2623,Enterprise,387,2,5,64,0
CUST-2624,Startup,279,2,10,60,0
CUST-2625,Mid-Market,424,0,6,47,0
CUST-2626,Startup,646,3,21,59,0
CUST-2627,Mid-Market,577,4,11,49,0
CUST-2628,Startup,646,1,31,53,1
CUST-2629,Startup,578,5,11,76,0
CUST-2630,Mid-Market,334,2,4,63,0
CUST-2631,Startup,450,1,28,72,0
CUST-2632,Mid-Market,382,3,12,55,0
CUST-2633,Mid-Market,699,2,3,53,0
CUST-2634,Enterprise,320,1,14,36,0
CUST-2635,Startup,634,2,6,52,0
CUST-2636,Startup,633,1,27,-6,0
CUST-2637,Startup,774,4,9,48,0
CUST-2638,Enterprise,438,3,19,58,0
CUST-2639,Enterprise,606,3,1,71,1
CUST-2640,Mid-Market,842,5,7,54,0
CUST-2641,Enterprise,407,1,61,66,1
CUST-2642,Mid-Market,269,3,24,16,0
CUST-2643,Mid-Market,217,3,2,58,0
CUST-2644,Startup,606,5,4,26,1
CUST-2645,Mid-Market,217,2,6,35,0
CUST-2646,Startup,444,0,15,56,0
CUST-2647,Enterprise,565,2,21,85,0
CUST-2648,Mid-Market,527,4,20,67,0
CUST-2649,Mid-Market,563,1,10,60,0
CUST-2650,Startup,533,4,24,59,0
CUST-2651,Startup,691,2,8,45,0
CUST-2652,Startup,357,1,1,49,0
CUST-2653,Startup,398,2,12,68,0
CUST-2654,Startup,384,2,45,32,1
CUST-2655,Enterprise,624,2,23,71,0
CUST-2656,Mid-Market,635,3,12,52,0
CUST-2657,Startup,567,4,15,76,1
CUST-2658,Startup,677,2,40,79,1
CUST-2659,Startup,323,0,8,26,0
CUST-2660,Mid-Market,750,2,6,48,0
CUST-2661,Mid-Market,728,2,56,42,1
CUST-2662,Enterprise,610,1,29,23,0
CUST-2663,Startup,767,1,5,39,0
CUST-2664,Enterprise,251,1,9,108,0
CUST-2665,Enterprise,421,1,8,72,1
CUST-2666,Startup,389,2,2,98,0
CUST-2667,Enterprise,608,1,47,76,1
CUST-2668,Startup,342,2,7,45,0
CUST-2669,Enterprise,613,4,31,52,1
CUST-2670,Startup,705,4,3,71,0
CUST-2671,Enterprise,604,2,11,68,0
CUST-2672,Enterprise,542,2,0,48,0
CUST-2673,Enterprise,351,2,21,29,0
CUST-2674,Mid-Market,372,0,13,125,0
CUST-2675,Startup,687,1,14,57,0
CUST-2676,Startup,616,0,0,53,0
CUST-2677,Startup,494,1,3,62,0
CUST-2678,Startup,437,1,1,55,0
CUST-2679,Mid-Market,196,3,5,62,0
CUST-2680,Startup,339,2,14,85,0
CUST-2681,Enterprise,786,2,12,57,0
CUST-2682,Mid-Market,307,3,14,36,0
CUST-2683,Enterprise,528,1,11,56,1
CUST-2684,Startup,651,6,4,50,0
CUST-2685,Enterprise,311,2,4,88,0
CUST-2686,Enterprise,527,4,2,83,0
CUST-2687,Startup,640,2,28,62,0
CUST-2688,Mid-Market,501,0,14,34,0
CUST-2689,Mid-Market,930,3,3,35,0
CUST-2690,Startup,249,1,2,60,0
CUST-2691,Mid-Market,658,1,30,66,0
CUST-2692,Startup,474,2,20,52,0
CUST-2693,Startup,615,1,16,50,0
CUST-2694,Startup,566,3,7,48,0
CUST-2695,Startup,390,2,4,59,0
CUST-2696,Startup,534,4,58,12,1
CUST-2697,Startup,221,0,23,37,0
CUST-2698,Enterprise,590,2,5,47,1
CUST-2699,Mid-Market,544,2,28,84,1
CUST-2700,Enterprise,595,2,21,43,0
CUST-2701,Startup,658,3,5,63,0
CUST-2702,Startup,555,3,8,64,0
CUST-2703,Mid-Market,522,0,3,85,1
CUST-2704,Startup,367,2,1,85,0
CUST-2705,Startup,393,2,19,58,0
CUST-2706,Mid-Market,678,3,4,50,0
CUST-2707,Startup,715,3,25,46,0
CUST-2708,Mid-Market,464,1,81,55,1
CUST-2709,Mid-Market,506,1,1,51,0
CUST-2710,Startup,364,2,9,71,0
CUST-2711,Startup,675,1,24,68,0
CUST-2712,Mid-Market,599,2,23,71,0
CUST-2713,Startup,791,5,21,85,0
CUST-2714,Startup,368,4,6,97,0
CUST-2715,Enterprise,443,3,9,62,0
CUST-2716,Startup,534,4,13,81,0
CUST-2717,Mid-Market,596,0,54,52,1
CUST-2718,Enterprise,467,0,5,83,0
CUST-2719,Startup,369,0,38,81,1
CUST-2720,Startup,632,1,4,80,0
CUST-2721,Startup,608,2,67,61,1
CUST-2722,Startup,362,1,16,46,0
CUST-2723,Startup,703,1,9,32,0
CUST-2724,Mid-Market,675,0,14,59,0
CUST-2725,Startup,520,3,4,90,0
CUST-2726,Mid-Market,511,3,4,53,0
CUST-2727,Enterprise,583,2,1,75,0
CUST-2728,Enterprise,370,2,1,76,0
CUST-2729,Mid-Market,504,1,6,54,0
CUST-2730,Startup,177,0,21,86,1
CUST-2731,Mid-Market,631,1,14,1,0
CUST-2732,Mid-Market,265,0,1,35,0
CUST-2733,Startup,725,4,28,41,0
CUST-2734,Startup,450,2,13,43,0
CUST-2735,Enterprise,468,1,48,66,0
CUST-2736,Startup,405,5,16,65,0
CUST-2737,Startup,456,1,2,67,0
CUST-2738,Startup,712,2,9,71,0
CUST-2739,Startup,126,3,15,40,0
CUST-2740,Enterprise,691,1,0,35,1
CUST-2741,Mid-Market,550,1,0,67,0
CUST-2742,Mid-Market,318,2,2,47,0
CUST-2743,Startup,338,1,4,28,1
CUST-2744,Startup,751,1,8,79,0
CUST-2745,Startup,358,2,10,87,1
CUST-2746,Startup,326,0,2,91,0
CUST-2747,Startup,670,3,16,63,0
CUST-2748,Mid-Market,550,1,13,72,0
CUST-2749,Startup,359,1,5,87,0
CUST-2750,Mid-Market,532,1,0,47,0
CUST-2751,Startup,346,3,1,82,0
CUST-2752,Startup,665,3,7,65,0
CUST-2753,Startup,659,1,2,78,0
CUST-2754,Enterprise,579,2,7,63,1
CUST-2755,Enterprise,554,2,14,85,1
CUST-2756,Enterprise,764,2,11,64,0
CUST-2757,Startup,499,1,3,30,0
CUST-2758,Startup,322,2,6,89,0
CUST-2759,Mid-Market,567,2,14,41,0
CUST-2760,Startup,812,0,29,85,0
CUST-2761,Enterprise,347,3,20,58,0
CUST-2762,Startup,445,1,12,83,0
CUST-2763,Startup,562,4,6,82,0
CUST-2764,Startup,491,3,6,68,0
CUST-2765,Startup,352,4,31,70,1
CUST-2766,Mid-Market,668,3,0,68,0
CUST-2767,Startup,848,0,66,19,1
CUST-2768,Startup,529,2,16,62,0
CUST-2769,Startup,364,2,17,37,0
CUST-2770,Startup,267,1,0,63,0
CUST-2771,Mid-Market,538,1,13,37,0
CUST-2772,Enterprise,665,1,9,36,0
CUST-2773,Enterprise,571,4,1,92,0
CUST-2774,Mid-Market,499,1,4,81,0
CUST-2775,Startup,411,2,33,59,1
CUST-2776,Mid-Market,336,0,11,63,1
CUST-2777,Startup,625,1,8,55,0
CUST-2778,Startup,637,4,1,71,0
CUST-2779,Enterprise,268,0,18,46,0
CUST-2780,Startup,738,2,18,79,0
CUST-2781,Enterprise,586,0,14,54,0
CUST-2782,Startup,709,3,10,51,1
CUST-2783,Mid-Market,298,2,8,60,0
CUST-2784,Mid-Market,295,2,13,48,0
CUST-2785,Enterprise,477,2,3,66,0
CUST-2786,Mid-Market,575,1,42,49,1
CUST-2787,Mid-Market,769,2,13,69,0
CUST-2788,Startup,605,2,5,84,0
CUST-2789,Mid-Market,463,3,8,45,0
CUST-2790,Startup,346,3,24,57,0
CUST-2791,Mid-Market,684,1,2,69,0
CUST-2792,Mid-Market,355,3,5,51,0
CUST-2793,Mid-Market,744,3,17,69,0
CUST-2794,Startup,457,4,5,71,0
CUST-2795,Startup,738,0,23,81,0
CUST-2796,Mid-Market,601,1,2,47,1
CUST-2797,Startup,479,0,21,41,0
CUST-2798,Startup,422,1,1,53,0
CUST-2799,Startup,448,0,0,40,1
CUST-2800,Enterprise,564,2,34,71,1
CUST-2801,Mid-Market,511,5,13,36,1
CUST-2802,Startup,410,0,6,106,1
CUST-2803,Startup,475,6,3,85,0
CUST-2804,Startup,511,0,14,60,0
CUST-2805,Mid-Market,180,4,10,77,1
CUST-2806,Mid-Market,568,2,71,27,1
CUST-2807,Startup,353,3,61,110,1
CUST-2808,Startup,327,1,15,48,0
CUST-2809,Startup,246,4,8,57,0
CUST-2810,Mid-Market,230,2,10,22,0
CUST-2811,Mid-Market,296,1,17,69,0
CUST-2812,Startup,393,0,1,37,0
CUST-2813,Startup,792,3,5,62,0
CUST-2814,Startup,421,4,1,49,0
CUST-2815,Enterprise,526,2,1,38,0
CUST-2816,Startup,560,4,3,43,0
CUST-2817,Mid-Market,519,3,9,64,1
CUST-2818,Mid-Market,488,2,23,34,0
CUST-2819,Startup,320,5,9,45,1
CUST-2820,Startup,717,1,6,73,0
CUST-2821,Startup,771,2,1,112,0
CUST-2822,Mid-Market,247,2,11,69,0
CUST-2823,Mid-Market,346,1,4,41,0
CUST-2824,Mid-Market,458,0,14,52,0
CUST-2825,Mid-Market,355,3,56,60,1
CUST-2826,Startup,575,3,1,53,1
CUST-2827,Enterprise,390,3,3,78,0
CUST-2828,Mid-Market,824,2,9,64,0
CUST-2829,Startup,678,3,51,78,1
CUST-2830,Enterprise,531,3,22,53,0
CUST-2831,Mid-Market,654,0,34,86,0
CUST-2832,Mid-Market,665,1,6,56,0
CUST-2833,Mid-Market,415,4,72,40,0
CUST-2834,Enterprise,377,1,1,103,0
CUST-2835,Mid-Market,511,2,0,23,0
CUST-2836,Startup,629,3,29,45,0
CUST-2837,Startup,520,1,39,47,1
CUST-2838,Enterprise,263,1,1,110,0
CUST-2839,Startup,379,4,1,96,0
CUST-2840,Startup,488,5,0,89,0
CUST-2841,Startup,488,1,1,53,0
CUST-2842,Startup,795,1,3,108,0
CUST-2843,Mid-Market,292,5,52,67,1
CUST-2844,Enterprise,575,0,16,79,0
CUST-2845,Startup,723,2,22,63,0
CUST-2846,Startup,840,1,22,59,0
CUST-2847,Startup,439,2,11,54,0
CUST-2848,Enterprise,573,2,23,55,0
CUST-2849,Mid-Market,585,1,13,72,0
CUST-2850,Startup,529,3,5,67,0
CUST-2851,Enterprise,485,3,12,59,0
CUST-2852,Enterprise,565,3,11,90,0
CUST-2853,Enterprise,120,1,26,0,0
CUST-2854,Enterprise,602,0,60,70,1
CUST-2855,Startup,518,2,7,74,1
CUST-2856,Mid-Market,466,1,21,82,0
CUST-2857,Startup,807,4,1,58,0
CUST-2858,Enterprise,398,4,22,64,0
CUST-2859,Mid-Market,439,1,6,79,1
CUST-2860,Mid-Market,798,0,0,89,0
CUST-2861,Mid-Market,375,2,6,53,0
CUST-2862,Startup,417,2,14,65,0
CUST-2863,Mid-Market,477,4,1,93,0
CUST-2864,Enterprise,626,1,38,17,0
CUST-2865,Enterprise,531,1,1,46,0
CUST-2866,Startup,306,2,39,89,1
CUST-2867,Startup,420,6,18,81,0
CUST-2868,Startup,408,1,6,70,0
CUST-2869,Mid-Market,488,0,7,51,0
CUST-2870,Enterprise,563,1,20,42,0
CUST-2871,Startup,562,1,13,48,1
CUST-2872,Mid-Market,233,0,16,90,0
CUST-2873,Enterprise,659,1,7,47,0
CUST-2874,Mid-Market,537,1,10,62,0
CUST-2875,Mid-Market,707,4,68,44,0
CUST-2876,Mid-Market,566,6,3,76,0
CUST-2877,Mid-Market,665,1,8,49,0
CUST-2878,Startup,569,1,5,58,1
CUST-2879,Mid-Market,701,1,21,26,0
CUST-2880,Mid-Market,578,2,21,27,0
CUST-2881,Enterprise,485,0,5,60,0
CUST-2882,Mid-Market,840,5,1,33,1
CUST-2883,Mid-Market,633,2,0,102,0
CUST-2884,Startup,586,2,8,18,0
CUST-2885,Startup,308,1,7,43,0
CUST-2886,Startup,306,1,66,60,1
CUST-2887,Startup,543,1,9,52,0
CUST-2888,Mid-Market,521,6,4,37,1
CUST-2889,Enterprise,407,2,33,40,1
CUST-2890,Startup,521,1,10,40,0
CUST-2891,Startup,738,0,13,54,0
CUST-2892,Enterprise,604,4,1,99,0
CUST-2893,Startup,328,0,7,61,0
CUST-2894,Mid-Market,483,4,43,83,1
CUST-2895,Mid-Market,379,1,13,70,0
CUST-2896,Mid-Market,441,3,6,82,0
CUST-2897,Startup,437,2,14,4,0
CUST-2898,Startup,428,2,36,53,1
CUST-2899,Mid-Market,311,3,4,86,0
CUST-2900,Mid-Market,480,1,10,48,0
CUST-2901,Startup,415,1,47,95,1
CUST-2902,Mid-Market,60,1,2,89,0
CUST-2903,Startup,807,2,19,50,0
CUST-2904,Mid-Market,663,1,14,49,0
CUST-2905,Startup,443,1,17,39,0
CUST-2906,Enterprise,502,1,6,47,0
CUST-2907,Startup,324,3,5,35,0
CUST-2908,Startup,754,6,17,68,0
CUST-2909,Startup,784,2,3,30,0
CUST-2910,Startup,523,0,8,72,0
CUST-2911,Enterprise,653,0,3,72,0
CUST-2912,Enterprise,526,3,0,26,0
CUST-2913,Startup,299,3,52,90,1
CUST-2914,Startup,438,4,8,70,0
CUST-2915,Mid-Market,519,2,52,74,1
CUST-2916,Enterprise,431,0,2,44,0
CUST-2917,Mid-Market,467,2,13,72,0
CUST-2918,Startup,486,3,3,82,0
CUST-2919,Startup,487,2,23,58,0
CUST-2920,Mid-Market,507,1,22,100,0
CUST-2921,Startup,340,2,1,60,0
CUST-2922,Mid-Market,392,2,36,82,1
CUST-2923,Startup,307,1,3,65,0
CUST-2924,Mid-Market,646,1,14,71,0
CUST-2925,Startup,184,4,63,26,1
CUST-2926,Mid-Market,673,2,32,67,1
CUST-2927,Startup,707,4,47,45,1
CUST-2928,Mid-Market,454,1,6,43,0
CUST-2929,Startup,109,1,1,94,0
CUST-2930,Mid-Market,445,3,3,55,1
CUST-2931,Mid-Market,490,2,10,39,0
CUST-2932,Mid-Market,348,1,23,52,0
CUST-2933,Mid-Market,422,1,2,33,0
CUST-2934,Mid-Market,729,1,16,88,0
CUST-2935,Enterprise,599,1,5,46,0
CUST-2936,Startup,361,0,6,70,0
CUST-2937,Enterprise,260,3,16,87,0
CUST-2938,Startup,450,4,9,49,0
CUST-2939,Startup,467,1,25,70,0
CUST-2940,Startup,574,3,2,39,1
CUST-2941,Startup,419,0,23,108,0
CUST-2942,Mid-Market,576,3,0,78,0
CUST-2943,Mid-Market,790,1,3,56,0
CUST-2944,Mid-Market,622,2,16,44,0
CUST-2945,Mid-Market,492,3,28,57,0
CUST-2946,Startup,472,2,4,53,0
CUST-2947,Startup,446,1,5,99,0
CUST-2948,Startup,677,1,11,35,0
CUST-2949,Startup,405,2,3,62,0
CUST-2950,Startup,506,1,25,59,0
CUST-2951,Startup,507,2,22,57,0
CUST-2952,Mid-Market,424,2,2,57,0
CUST-2953,Mid-Market,294,3,9,57,0
CUST-2954,Enterprise,548,5,22,77,0
CUST-2955,Enterprise,490,2,6,72,0
CUST-2956,Mid-Market,575,2,15,68,0
CUST-2957,Startup,419,1,0,0,0
CUST-2958,Mid-Market,683,4,14,65,1
CUST-2959,Mid-Market,368,2,2,26,0
CUST-2960,Startup,756,2,26,72,0
CUST-2961,Startup,237,0,6,89,0
CUST-2962,Enterprise,565,1,4,41,0
CUST-2963,Startup,571,1,27,54,0
CUST-2964,Mid-Market,380,1,0,48,0
CUST-2965,Mid-Market,563,2,7,84,0
CUST-2966,Startup,691,3,6,61,0
CUST-2967,Startup,167,3,5,94,0
CUST-2968,Startup,575,4,36,68,1
CUST-2969,Startup,126,3,20,64,0
CUST-2970,Startup,355,1,0,61,0
CUST-2971,Enterprise,744,3,18,76,0
CUST-2972,Startup,412,1,11,25,0
CUST-2973,Mid-Market,323,2,34,61,1
CUST-2974,Startup,470,0,5,58,0
CUST-2975,Enterprise,810,1,12,74,0
CUST-2976,Startup,225,1,10,56,0
CUST-2977,Startup,342,4,10,39,0
CUST-2978,Enterprise,724,1,9,60,0
CUST-2979,Enterprise,778,2,3,38,0
CUST-2980,Startup,484,2,21,21,0
CUST-2981,Enterprise,314,1,9,74,0
CUST-2982,Startup,814,3,47,71,1
CUST-2983,Startup,739,4,4,69,0
CUST-2984,Startup,601,0,17,86,0
CUST-2985,Startup,378,2,42,46,1
CUST-2986,Mid-Market,492,2,16,31,0
CUST-2987,Startup,475,5,30,58,0
CUST-2988,Startup,549,2,26,53,0
CUST-2989,Mid-Market,717,2,6,43,0
CUST-2990,Mid-Market,631,4,13,58,0
CUST-2991,Startup,338,1,2,47,0
CUST-2992,Mid-Market,706,4,11,23,0
CUST-2993,Startup,546,3,3,51,0
CUST-2994,Mid-Market,603,6,20,37,1
CUST-2995,Mid-Market,719,0,11,64,0
CUST-2996,Enterprise,333,3,7,46,0
CUST-2997,Startup,494,1,4,82,0
CUST-2998,Startup,420,1,99,92,1
CUST-2999,Startup,264,2,1,73,0
